id,title,intro,poster,pubdate,url,rating,genres,star,comment,tags,star_time,card
37116446,给阿嬷的情书,,https://dou.img.lithub.cc/movie/37116446.jpg,2026-04-30(中国大陆),https://movie.douban.com/subject/37116446/,9.2,"剧情,家庭",4,,,2026-05-31 23:31:39,2026 / 中国大陆 / 剧情 家庭 / 蓝鸿春 / 李思潼 王彦桐
36680624,鬼灭之刃：绊之奇迹，迈向柱训练,,https://dou.img.lithub.cc/movie/36680624.jpg,2024-02-02(日本),https://movie.douban.com/subject/36680624/,8.1,动画,,,,2025-11-17 08:32:11,2024 / 日本 / 动画 / 外崎春雄 / 花江夏树 鬼头明里
36188879,鬼灭之刃  上弦集结，前往锻刀村,,https://dou.img.lithub.cc/movie/36188879.jpg,2023-02-03(日本),https://movie.douban.com/subject/36188879/,8.2,"动作,动画,奇幻",,,,2025-11-17 08:32:06,2023 / 日本 / 动作 动画 奇幻 冒险 / 外崎春雄 / 花江夏树 鬼头明里
33393167,鬼灭之刃 兄妹的羁绊,,https://dou.img.lithub.cc/movie/33393167.jpg,2019-03-29(日本),https://movie.douban.com/subject/33393167/,9.1,"动作,动画,惊悚",,,,2025-11-17 08:32:04,2019 / 日本 / 动作 动画 惊悚 奇幻 / 外崎春雄 / 大塚芳忠 梶裕贵
35327724,鬼灭之刃 柱众会议·蝶屋敷篇,,https://dou.img.lithub.cc/movie/35327724.jpg,2020-12-20(日本),https://movie.douban.com/subject/35327724/,8.7,"动作,动画,奇幻",,,,2025-11-17 08:32:02,2020 / 日本 / 动作 动画 奇幻 / 外崎春雄 / 花江夏树 鬼头明里
35231832,鬼灭之刃 那田蜘蛛山篇,,https://dou.img.lithub.cc/movie/35231832.jpg,2020-10-17(日本),https://movie.douban.com/subject/35231832/,9.2,"剧情,动作,动画",,,,2025-11-17 08:31:57,2020 / 日本 / 剧情 动作 动画 奇幻 / 外崎春雄 / 花江夏树 鬼头明里
36524559,鬼灭之刃：无限城篇 第一章 猗窝座再袭,,https://dou.img.lithub.cc/movie/36524559.jpg,2025-11-14(中国大陆),https://movie.douban.com/subject/36524559/,8.7,"动作,动画,奇幻",4,,,2025-11-17 08:31:21,2025 / 日本 / 动作 动画 奇幻 冒险 / 近藤光 外崎春雄 / 花江夏树 鬼头明里
35883131,雄狮少年2,,https://dou.img.lithub.cc/movie/35883131.jpg,2024-12-14(中国大陆),https://movie.douban.com/subject/35883131/,8.5,"喜剧,动作,动画",5,,,2025-11-09 19:32:18,2024 / 中国大陆 / 喜剧 动作 动画 / 孙海鹏 / 李昕 郭皓
36448279,罗小黑战记2,,https://dou.img.lithub.cc/movie/36448279.jpg,2025-07-18(中国大陆),https://movie.douban.com/subject/36448279/,8.7,"动画,奇幻,冒险",5,,,2025-10-26 10:57:15,2025 / 中国大陆 / 动画 奇幻 冒险 / 木头 顾杰 / 山新 刘明月
36642434,仁心俱乐部,,https://dou.img.lithub.cc/movie/36642434.jpg,2025-03-02(中国大陆),https://movie.douban.com/subject/36642434/,7.1,"剧情,爱情",3,,,2025-03-25 09:17:58,2025 / 中国大陆 / 剧情 爱情 / 田宇 / 辛芷蕾 白客
36330202,蓝色监狱 VS. U-20 JAPAN,,https://dou.img.lithub.cc/movie/36330202.jpg,2024-10-05(日本),https://movie.douban.com/subject/36330202/,7.1,"剧情,动画,运动",3,,,2025-02-02 23:07:43,2024 / 日本 / 剧情 动画 运动 / 生原雄次 井之川慎太郎 / 浦和希 内山昂辉
36354086,胜券在握,,https://dou.img.lithub.cc/movie/36354086.jpg,2024-11-15(中国大陆),https://movie.douban.com/subject/36354086/,6,剧情,3,,,2025-02-02 23:06:50,2024 / 中国大陆 / 剧情 / 刘循子墨 / 邓超 邓家佳
36363001,名侦探柯南：百万美元的五棱星,,https://dou.img.lithub.cc/movie/36363001.jpg,2024-08-16(中国大陆),https://movie.douban.com/subject/36363001/,6.7,"动画,悬疑,犯罪",3,,,2025-02-01 16:20:52,2024 / 日本 / 动画 悬疑 犯罪 / 永冈智佳 / 高山南 山崎和佳奈
36154853,好东西,,https://dou.img.lithub.cc/movie/36154853.jpg,2024-11-22(中国大陆),https://movie.douban.com/subject/36154853/,9,"剧情,爱情",3,,,2025-01-31 21:38:23,2024 / 中国大陆 / 剧情 爱情 / 邵艺辉 / 宋佳 钟楚曦
36589912,时光代理人 英都篇,,https://dou.img.lithub.cc/movie/36589912.jpg,2024-12-27(中国大陆),https://movie.douban.com/subject/36589912/,0,动画,3,,,2025-01-31 21:36:35,2024 / 中国大陆 / 动画 / 李豪凌 鲁元元 / 杨天翔 苏尚卿
36016488,驻站,,https://dou.img.lithub.cc/movie/36016488.jpg,2025-01-05(中国大陆),https://movie.douban.com/subject/36016488/,6.7,"剧情,喜剧,犯罪",3,,,2025-01-27 00:15:40,2025 / 中国大陆 / 剧情 喜剧 犯罪 / 刘雪松 / 郭京飞 陈数
36498717,小小的我,,https://dou.img.lithub.cc/movie/36498717.jpg,2024-12-27(中国大陆),https://movie.douban.com/subject/36498717/,0,"剧情,家庭",3,,,2024-12-28 17:32:30,2024 / 中国大陆 / 剧情 家庭 / 杨荔钠 / 易烊千玺 林晓杰
35370845,我是刑警,,https://dou.img.lithub.cc/movie/35370845.jpg,2024-11-27(中国大陆),https://movie.douban.com/subject/35370845/,7.6,"剧情,犯罪",4,,,2024-12-27 00:39:40,2024 / 中国大陆 / 剧情 犯罪 / 惠楷栋 / 于和伟 富大龙
36053650,哑舍,,https://dou.img.lithub.cc/movie/36053650.jpg,2024-10-04(中国大陆),https://movie.douban.com/subject/36053650/,0,动画,3,,,2024-12-08 19:23:57,2024 / 中国大陆 / 动画 / 玄色 / 甘罗 苏北陆
36550884,宿敌,,https://dou.img.lithub.cc/movie/36550884.jpg,2024-11-07(中国大陆),https://movie.douban.com/subject/36550884/,6.5,"剧情,悬疑,犯罪",3,,,2024-11-24 17:05:52,2024 / 中国大陆 / 剧情 悬疑 犯罪 / 奇道 / 廖凡 朱珠
36534750,小巷人家,,https://dou.img.lithub.cc/movie/36534750.jpg,2024-10-28(中国大陆),https://movie.douban.com/subject/36534750/,8.2,剧情,3,,,2024-11-22 23:48:07,2024 / 中国大陆 / 剧情 / 张开宙 / 闫妮 李光洁
36053655,全职高手 第三季,,https://dou.img.lithub.cc/movie/36053655.jpg,2024-05-31(中国大陆),https://movie.douban.com/subject/36053655/,7.1,动画,2,,,2024-09-16 00:31:38,2024 / 中国大陆 / 动画 / 史涓生 / 张杰 季冠霖
36089988,云边有个小卖部,,https://dou.img.lithub.cc/movie/36089988.jpg,2024-06-22(中国大陆),https://movie.douban.com/subject/36089988/,4.9,"剧情,爱情,家庭",4,,,2024-08-31 23:22:45,2024 / 中国大陆 / 剧情 爱情 家庭 / 张嘉佳 / 彭昱畅 周也
36449810,鬼灭之刃 柱训练篇,,https://dou.img.lithub.cc/movie/36449810.jpg,2024-05-12(日本),https://movie.douban.com/subject/36449810/,8.9,动画,5,,,2024-07-07 22:39:26,2024 / 日本 / 动画 / 外崎春雄 / 花江夏树 鬼头明里
34937650,庆余年 第二季,,https://dou.img.lithub.cc/movie/34937650.jpg,2024-05-16(中国大陆),https://movie.douban.com/subject/34937650/,7.2,"剧情,古装",3,,,2024-06-25 00:42:57,2024 / 中国大陆 / 剧情 古装 / 孙皓 / 张若昀 李沁
36060209,排球少年！！垃圾场决战,,https://dou.img.lithub.cc/movie/36060209.jpg,2024-06-15(中国大陆),https://movie.douban.com/subject/36060209/,8.9,"动画,运动",4,,,2024-06-17 06:41:10,2024 / 日本 / 动画 运动 / 满仲劝 / 村濑步 石川界人
35801594,迷宫饭,,https://dou.img.lithub.cc/movie/35801594.jpg,2023-12-08(日本影院),https://movie.douban.com/subject/35801594/,9.1,"动画,奇幻,冒险",5,,,2024-06-14 23:26:51,2023 / 日本 / 动画 奇幻 冒险 / 宫岛善博 / 熊谷健太郎 千本木彩花
36141054,亏成首富从游戏开始,,https://dou.img.lithub.cc/movie/36141054.jpg,2024-02-03(中国大陆),https://movie.douban.com/subject/36141054/,0,"剧情,动画",3,,,2024-05-11 22:41:55,2024 / 中国大陆 / 剧情 动画 / 郦黎明 / 吕书君 筱筝
36073535,春色寄情人,,https://dou.img.lithub.cc/movie/36073535.jpg,2024-04-22(中国大陆),https://movie.douban.com/subject/36073535/,0,剧情,3,,,2024-05-03 23:37:36,2024 / 中国大陆 / 剧情 / 程亮 / 李现 周雨彤
36140200,百妖谱·司府篇,,https://dou.img.lithub.cc/movie/36140200.jpg,2024-02-23(中国大陆),https://movie.douban.com/subject/36140200/,0,动画,4,,,2024-05-03 13:52:31,2024 / 中国大陆 / 动画 / 董易 / 赵双 皇贞季
25994712,伪装者,,https://dou.img.lithub.cc/movie/25994712.jpg,2015-08-31(中国大陆),https://movie.douban.com/subject/25994712/,8.6,"剧情,悬疑",5,,,2024-04-28 02:10:53,2015 / 中国大陆 / 剧情 悬疑 / 李雪 / 胡歌 靳东
36093351,葬送的芙莉莲,,https://dou.img.lithub.cc/movie/36093351.jpg,2023-09-29(日本),https://movie.douban.com/subject/36093351/,9.4,"剧情,动画,奇幻",5,,,2024-03-30 14:01:04,2023 / 日本 / 剧情 动画 奇幻 冒险 / 斋藤圭一郎 / 种崎敦美 冈本信彦
36151692,周处除三害,,https://dou.img.lithub.cc/movie/36151692.jpg,2024-03-01(中国大陆),https://movie.douban.com/subject/36151692/,8.1,"动作,犯罪",3,,,2024-03-24 17:04:03,2023 / 中国台湾 / 动作 犯罪 / 黄精甫 / 阮经天 袁富华
35639845,近战法师,,https://dou.img.lithub.cc/movie/35639845.jpg,2023-11-02(中国大陆),https://movie.douban.com/subject/35639845/,0,"动作,动画,奇幻",2,,,2024-03-03 16:43:01,2023 / 中国大陆 / 动作 动画 奇幻 冒险
35282433,大雨,,https://dou.img.lithub.cc/movie/35282433.jpg,2024-01-12(中国大陆),https://movie.douban.com/subject/35282433/,6.4,"动画,奇幻,冒险",2,,,2024-03-02 19:29:04,2024 / 中国大陆 / 动画 奇幻 冒险 / 不思凡 / 何梓骞 陈浩
36141126,烟火人家,,https://dou.img.lithub.cc/movie/36141126.jpg,2024-02-13(中国大陆),https://movie.douban.com/subject/36141126/,7.4,"剧情,爱情,家庭",5,,,2024-03-02 15:13:55,2024 / 中国大陆 / 剧情 爱情 家庭 / 林妍 / 徐帆 马思纯
36141050,仙王的日常生活 第四季,,https://dou.img.lithub.cc/movie/36141050.jpg,2023-12-17(中国大陆),https://movie.douban.com/subject/36141050/,0,动画,3,,,2024-02-25 19:24:02,2023 / 中国大陆 / 动画 / 枯玄 / 孙路路 钱琛
36053744,大王饶命2,,https://dou.img.lithub.cc/movie/36053744.jpg,2023-12-30(中国大陆),https://movie.douban.com/subject/36053744/,0,"剧情,动作,爱情",2,,,2024-02-17 20:28:05,2023 / 中国大陆 / 剧情 动作 爱情 动画 奇幻 / 危天行 / 杨天翔 赵爽
36645798,一人之下·锈铁重现,,https://dou.img.lithub.cc/movie/36645798.jpg,2024-02-15(中国大陆),https://movie.douban.com/subject/36645798/,0,动画,3,,,2024-02-16 18:11:40,2024 / 中国大陆 / 动画
35321446,大江大河之岁月如歌,,https://dou.img.lithub.cc/movie/35321446.jpg,2024-01-08(中国大陆),https://movie.douban.com/subject/35321446/,8.1,剧情,3,,,2024-02-10 23:42:59,2024 / 中国大陆 / 剧情 / 孔笙 孙墨龙 刘洪源 / 王凯 杨烁
34874646,繁花,,https://dou.img.lithub.cc/movie/34874646.jpg,2023-12-27(中国大陆),https://movie.douban.com/subject/34874646/,8.6,"剧情,爱情",4,,,2024-02-09 16:38:47,2023 / 中国大陆 / 剧情 爱情 / 王家卫 / 胡歌 马伊琍
36066128,画江湖之天罡,,https://dou.img.lithub.cc/movie/36066128.jpg,2023-12-29(中国大陆网络),https://movie.douban.com/subject/36066128/,8.2,"动作,动画,武侠",4,,,2024-02-09 14:09:21,2023 / 中国大陆 / 动作 动画 武侠 / 周飞龙 任伟杰 / 孟宇 阎么么
36190888,间谍过家家 第二季,,https://dou.img.lithub.cc/movie/36190888.jpg,2023-10-07(日本),https://movie.douban.com/subject/36190888/,8.9,"喜剧,动画",4,,,2024-01-28 12:42:55,2023 / 日本 / 喜剧 动画 / 古桥一浩 原田孝宏 / 江口拓也 早见沙织
35318009,天官赐福 第二季,,https://dou.img.lithub.cc/movie/35318009.jpg,2023-10-18(中国香港),https://movie.douban.com/subject/35318009/,7.9,"剧情,动画",4,,,2024-01-22 22:14:50,2023 / 中国大陆 / 剧情 动画 / 李豪凌 / 邓宥希 马正阳
35873969,名侦探柯南：黑铁的鱼影,,https://dou.img.lithub.cc/movie/35873969.jpg,2023-12-16(中国大陆),https://movie.douban.com/subject/35873969/,6.6,"动作,动画,悬疑",3,,,2023-12-06 00:21:24,2023 / 日本 / 动作 动画 悬疑 惊悚 犯罪 冒险 / 立川让 / 高山南 林原惠美
36318293,石纪元 第三季 Part 2,,https://dou.img.lithub.cc/movie/36318293.jpg,2023-10-12(日本),https://movie.douban.com/subject/36318293/,9,"动画,冒险",5,,,2023-12-01 18:38:19,2023 / 日本 / 动画 冒险 / 松下周平 / 小林裕介 铃木崚汰
35417825,石纪元 第三季,,https://dou.img.lithub.cc/movie/35417825.jpg,2023-04-06(日本),https://movie.douban.com/subject/35417825/,8.8,"科幻,动画,冒险",4,,,2023-12-01 18:38:06,2023 / 日本 / 科幻 动画 冒险 / 松下周平 / 小林裕介 铃木崚汰
35371261,铃芽之旅,,https://dou.img.lithub.cc/movie/35371261.jpg,2023-03-24(中国大陆),https://movie.douban.com/subject/35371261/,7.2,"爱情,动画,奇幻",4,,,2023-11-05 13:28:33,2022 / 日本 / 爱情 动画 奇幻 / 新海诚 / 原菜乃华 松村北斗
36140705,镇魂街 第三季,,https://dou.img.lithub.cc/movie/36140705.jpg,2023-07-29(中国大陆),https://movie.douban.com/subject/36140705/,7.5,动画,4,,,2023-11-05 13:27:45,2023 / 中国大陆 / 动画 / 尹嘉庚 王世旭 / 郭盛 黎筱濛
35725842,繁城之下,,https://dou.img.lithub.cc/movie/35725842.jpg,2023-10-13(中国大陆),https://movie.douban.com/subject/35725842/,8.5,"悬疑,犯罪,古装",4,,,2023-10-29 23:38:31,2023 / 中国大陆 / 悬疑 犯罪 古装 / 王铮 / 白宇帆 宁理
30433455,碟中谍7：致命清算（上）,,https://dou.img.lithub.cc/movie/30433455.jpg,2023-07-14(中国大陆),https://movie.douban.com/subject/30433455/,7.7,"动作,惊悚,冒险",3,,,2023-10-14 14:10:23,2023 / 美国 / 动作 惊悚 冒险 / 克里斯托弗·麦奎里 / 汤姆·克鲁斯 海莉·阿特维尔
35765480,八角笼中,,https://dou.img.lithub.cc/movie/35765480.jpg,2023-07-06(中国大陆),https://movie.douban.com/subject/35765480/,7.4,"剧情,动作",3,,,2023-09-29 20:23:57,2023 / 中国大陆 / 剧情 动作 / 王宝强 / 王宝强 陈永胜
35524539,时光代理人 第二季,,https://dou.img.lithub.cc/movie/35524539.jpg,2023-07-14(中国大陆),https://movie.douban.com/subject/35524539/,8.2,"动画,悬疑",4,,,2023-09-23 22:43:53,2023 / 中国大陆 / 动画 悬疑 / 李豪凌 / 杨天翔 苏尚卿
35660795,消失的她,,https://dou.img.lithub.cc/movie/35660795.jpg,2023-06-22(中国大陆),https://movie.douban.com/subject/35660795/,6.2,"悬疑,犯罪",3,,,2023-09-17 17:31:08,2022 / 中国大陆 / 悬疑 犯罪 / 崔睿 刘翔 / 朱一龙 倪妮
35447370,男子游泳部剧场版：最后的划水 后篇,,https://dou.img.lithub.cc/movie/35447370.jpg,2022-04-22(日本),https://movie.douban.com/subject/35447370/,8.2,"剧情,动画,运动",4,,,2023-09-16 14:45:49,2022 / 日本 / 剧情 动画 运动 / 河浪栄作 / 岛崎信长
30433388,男子游泳部剧场版：最后的划水 前篇,,https://dou.img.lithub.cc/movie/30433388.jpg,2021-09-17(日本),https://movie.douban.com/subject/30433388/,8,"剧情,动画,运动",3,,,2023-09-15 21:46:05,2021 / 日本 / 剧情 动画 运动 / 河浪栄作 / 岛崎信长 铃木达央
35679784,风灵玉秀 第二季,,https://dou.img.lithub.cc/movie/35679784.jpg,2023-07-02(中国大陆),https://movie.douban.com/subject/35679784/,0,"动画,武侠,古装",5,,,2023-09-10 12:25:30,2023 / 中国大陆 / 动画 武侠 古装 / DDF
35633163,莲花楼,,https://dou.img.lithub.cc/movie/35633163.jpg,2023-07-23(中国大陆),https://movie.douban.com/subject/35633163/,8.2,"剧情,悬疑,武侠",2,,,2023-09-08 00:00:31,2023 / 中国大陆 / 剧情 悬疑 武侠 古装 / 郭虎 任海涛 / 成毅 曾舜晞
36139980,凡人修仙传：星海飞驰,,https://dou.img.lithub.cc/movie/36139980.jpg,2023-07-30(中国大陆),https://movie.douban.com/subject/36139980/,0,"动作,动画,奇幻",4,,,2023-08-20 12:47:57,2023 / 中国大陆 / 动作 动画 奇幻 冒险 古装 / 王裕仁 林宇昂 / 钱文青 杨天翔
35178776,雾山五行·犀川幻紫林,,https://dou.img.lithub.cc/movie/35178776.jpg,2023-07-26(中国大陆),https://movie.douban.com/subject/35178776/,9.3,"动作,动画,奇幻",5,,,2023-08-19 16:30:21,2023 / 中国大陆 / 动作 动画 奇幻 武侠 / 林魂
35698284,关于我和鬼变成家人的那件事,,https://dou.img.lithub.cc/movie/35698284.jpg,2023-02-10(中国台湾),https://movie.douban.com/subject/35698284/,8.3,"喜剧,悬疑,同性",4,,,2023-08-13 11:42:39,2022 / 中国台湾 / 喜剧 悬疑 同性 奇幻 / 程伟豪 / 许光汉 林柏宏
36248474,奔跑吧 第七季,,https://dou.img.lithub.cc/movie/36248474.jpg,2023-04-21(中国大陆),https://movie.douban.com/subject/36248474/,7.1,真人秀,3,,,2023-07-22 11:17:14,2023 / 中国大陆 / 真人秀 / 李晨 杨颖
3851383595,名侦探柯南 灰原哀物语～黑铁的神秘列车～,,https://img2.doubanio.com/view/photo/m_ratio_poster/public/p2884838241.jpg,2023-01-06(日本),https://movie.douban.com/subject/36178405/,6.8,"剧情,动画,悬疑",2,,,2023-07-15 07:48:47,2023 / 日本 / 剧情 动画 悬疑 / 高山南 林原惠美
3846824078,地狱乐,,https://img2.doubanio.com/view/photo/m_ratio_poster/public/p2885293812.jpg,2023-04-01(日本),https://movie.douban.com/subject/35337634/,7.8,"动作,动画,奇幻",3,,,2023-07-10 22:23:53,2023 / 日本 / 动作 动画 奇幻 / 牧田佳织 / 小林千晃 花守由美里
3829202587,鬼灭之刃 锻刀村篇,,https://img9.doubanio.com/view/photo/m_ratio_poster/public/p2888671774.jpg,2023-04-09(日本),https://movie.douban.com/subject/35769236/,8.8,"剧情,动画",5,,,2023-06-24 16:37:06,2023 / 日本 / 剧情 动画 / 外崎春雄 / 花江夏树 鬼头明里
3801910638,刀剑神域进击篇：暮色黄昏,,https://img2.doubanio.com/view/photo/m_ratio_poster/public/p2892365943.jpg,2023-05-26(中国大陆),https://movie.douban.com/subject/35652451/,6.5,"动作,动画",3,,,2023-05-27 23:15:57,2022 / 日本 / 动作 动画 / 河野亚矢子 / 松冈祯丞 户松遥
3788104123,此画怎讲,,https://img1.doubanio.com/view/photo/m_ratio_poster/public/p2617508290.jpg,2020-08-19(中国大陆),https://movie.douban.com/subject/35181055/,7.9,"喜剧,历史",,,,2023-05-14 22:05:22,2020 / 中国大陆 / 喜剧 历史 / 吴紫鹃 / 开心麻花 小荧星
3785506204,宇宙探索编辑部,,https://img9.doubanio.com/view/photo/m_ratio_poster/public/p2889865405.jpg,2023-04-01(中国大陆),https://movie.douban.com/subject/34941536/,8.2,"喜剧,科幻",3,,,2023-05-13 00:38:37,2021 / 中国大陆 / 喜剧 科幻 / 孔大山 / 杨皓宇 艾丽娅
3779160280,众神之地,,https://img2.doubanio.com/view/photo/m_ratio_poster/public/p2875636481.jpg,2022-07-11(中国大陆),https://movie.douban.com/subject/35136799/,9.2,纪录片,5,,,2023-05-07 13:52:25,2022 / 中国大陆 / 纪录片 / 曾海若 / 刘琮
3774612450,因为太怕痛就全点防御力了Ⅱ,,https://img2.doubanio.com/view/photo/m_ratio_poster/public/p2881442101.jpg,2022-12-17(日本先行放送),https://movie.douban.com/subject/35014448/,7.1,"喜剧,动作,动画",2,,,2023-05-03 10:38:00,2023 / 日本 / 喜剧 动作 动画 / 大沼心 / 本渡枫 野口瑠璃子
3773044194,全资进组,,https://img9.doubanio.com/view/photo/m_ratio_poster/public/p2891257696.jpg,2023-04-28(中国大陆),https://movie.douban.com/subject/36151372/,0,"剧情,喜剧",3,,,2023-05-01 22:42:50,2023 / 中国大陆 / 剧情 喜剧 / 巴晨旭 / 陈腾跃 屈梦汝
3771903806,天才职业故事,,https://img2.doubanio.com/view/photo/m_ratio_poster/public/p2889749812.jpg,2022-05-13(中国大陆),https://movie.douban.com/subject/36314874/,0,纪录片,4,,,2023-04-30 22:14:33,2022 / 中国大陆 / 纪录片 / 大器、大龙
3763524529,航海王：红发歌姬,,https://img1.doubanio.com/view/photo/m_ratio_poster/public/p2884233470.jpg,2022-12-01(中国大陆),https://movie.douban.com/subject/35675082/,6.9,"动作,动画,奇幻",3,,,2023-04-22 17:27:11,2022 / 日本 / 动作 动画 奇幻 冒险 / 谷口悟朗 / 田中真弓 中井和哉
3757957247,这货哪来的,,https://img1.doubanio.com/view/photo/m_ratio_poster/public/p2888287197.jpg,2023-02-22(中国大陆),https://movie.douban.com/subject/36253154/,9.1,纪录片,4,,,2023-04-17 08:24:44,2023 / 中国大陆 / 纪录片 / 陈英杰 / 陈英杰 张旭敏
3748288933,断网,,https://img9.doubanio.com/view/photo/m_ratio_poster/public/p2887400584.jpg,2023-03-03(中国大陆),https://movie.douban.com/subject/35043401/,4.7,"剧情,动作,犯罪",2,一颗星给郭富城一颗星给特效,,2023-04-08 20:50:16,2023 / 中国香港 中国大陆 / 剧情 动作 犯罪 / 黄庆勋 / 郭富城 任达华
3733066905,蓝色监狱,,https://img9.doubanio.com/view/photo/m_ratio_poster/public/p2877757365.jpg,2022-10-08(日本),https://movie.douban.com/subject/35524352/,8.1,"动画,运动",4,,,2023-03-26 09:56:39,2022 / 日本 / 动画 运动 / 渡边彻明 石川俊介 / 浦和希 海渡翼
3732422429,深海,,https://img1.doubanio.com/view/photo/m_ratio_poster/public/p2885941329.jpg,2023-01-22(中国大陆),https://movie.douban.com/subject/26649682/,7.4,"动画,奇幻",3,,,2023-03-25 19:56:01,2023 / 中国大陆 / 动画 奇幻 / 田晓鹏 / 苏鑫 王亭文
3705001946,风味人间 第四季,,https://img2.doubanio.com/view/photo/m_ratio_poster/public/p2883894763.jpg,2022-11-24(中国大陆),https://movie.douban.com/subject/35686327/,9.3,纪录片,4,,,2023-02-26 20:13:31,2022 / 中国大陆 / 纪录片 / 陈晓卿 陈磊
3703665148,交换人生,,https://img1.doubanio.com/view/photo/m_ratio_poster/public/p2886396440.jpg,2023-01-22(中国大陆),https://movie.douban.com/subject/35513968/,5.4,"喜剧,家庭,奇幻",2,,,2023-02-25 17:21:58,2023 / 中国大陆 / 喜剧 家庭 奇幻 / 苏伦 / 雷佳音 张小斐
3697794782,显微镜下的大明之丝绢案,,https://img1.doubanio.com/view/photo/m_ratio_poster/public/p2887546288.jpg,2023-02-09(中国大陆),https://movie.douban.com/subject/35465011/,7.8,"剧情,悬疑,古装",3,,,2023-02-19 21:42:16,2023 / 中国大陆 / 剧情 悬疑 古装 / 潘安子 / 张若昀 王阳
3696559362,万里归途,,https://img2.doubanio.com/view/photo/m_ratio_poster/public/p2880793132.jpg,2022-09-30(中国大陆),https://movie.douban.com/subject/26654184/,7.4,"剧情,战争",3,,,2023-02-18 22:50:50,2022 / 中国大陆 / 剧情 战争 / 饶晓志 / 张译 王俊凯
3696223109,少年白马醉春风,,https://img9.doubanio.com/view/photo/m_ratio_poster/public/p2875719675.jpg,2022-07-27(中国大陆),https://movie.douban.com/subject/35505555/,7.4,"动画,武侠",3,,,2023-02-18 18:30:59,2022 / 中国大陆 / 动画 武侠 / 王毅鹏 / 苏尚卿 歪歪
3689475475,大理寺日志2,,https://img9.doubanio.com/view/photo/m_ratio_poster/public/p2877588026.jpg,2022-11-26(中国大陆),https://movie.douban.com/subject/35797488/,8.5,"喜剧,动作,动画",4,,,2023-02-12 17:06:42,2022 / 中国大陆 / 喜剧 动作 动画 历史 / 槐佳佳 / 郭盛 翟昱霖
3688299140,满江红,,https://img2.doubanio.com/view/photo/m_ratio_poster/public/p2887555071.jpg,2023-01-22(中国大陆),https://movie.douban.com/subject/35766491/,7.3,"剧情,喜剧,悬疑",4,,,2023-02-11 19:23:44,
3685213376,唐朝诡事录,,https://img1.doubanio.com/view/photo/m_ratio_poster/public/p2883995667.jpg,2022-09-27(中国大陆),https://movie.douban.com/subject/35235151/,7.9,"悬疑,奇幻,武侠",3,,,2023-02-09 00:05:28,
3680973171,君有云,,https://img1.doubanio.com/view/photo/m_ratio_poster/public/p2751486198.jpg,2022-04-21(中国大陆),https://movie.douban.com/subject/35679806/,7.7,动画,3,,,2023-02-05 15:57:15,
3680367523,少年歌行 风花雪月篇,,https://img1.doubanio.com/view/photo/m_ratio_poster/public/p2578234939.jpg,2021-07-28(中国大陆),https://movie.douban.com/subject/34925305/,7.8,"剧情,动画",4,,,2023-02-05 01:12:02,
3680367397,少年歌行,,https://img1.doubanio.com/view/photo/m_ratio_poster/public/p2543731197.jpg,2018-12-26(中国大陆),https://movie.douban.com/subject/30345127/,8.5,"动画,奇幻,古装",4,,,2023-02-05 01:11:56,
3673480952,少年歌行,,https://img1.doubanio.com/view/photo/m_ratio_poster/public/p2885655018.jpg,2022-12-26(中国大陆),https://movie.douban.com/subject/35284451/,7.7,"剧情,武侠",4,,,2023-01-31 00:54:36,
3667036261,流浪地球2,,https://img1.doubanio.com/view/photo/m_ratio_poster/public/p2885944827.jpg,2023-01-22(中国大陆),https://movie.douban.com/subject/35267208/,8.2,"科幻,冒险,灾难",4,,,2023-01-27 07:28:31,
3660796090,去有风的地方,,https://img1.doubanio.com/view/photo/m_ratio_poster/public/p2885759819.jpg,2023-01-03(中国大陆),https://movie.douban.com/subject/35662223/,8.2,"剧情,爱情",4,,,2023-01-24 09:58:18,
3647014877,炼气练了3000年,,https://img2.doubanio.com/view/photo/m_ratio_poster/public/p2751486481.jpg,2022-10-07(中国大陆),https://movie.douban.com/subject/35679808/,,动画,4,,,2023-01-14 19:35:07,
3644601838,向风而行,,https://img2.doubanio.com/view/photo/m_ratio_poster/public/p2885524173.jpg,2022-12-26(中国大陆),https://movie.douban.com/subject/34953692/,6.6,剧情,2,,,2023-01-12 21:44:37,
3631802219,卿卿日常,,https://img1.doubanio.com/view/photo/m_ratio_poster/public/p2883234369.jpg,2022-11-10(中国大陆),https://movie.douban.com/subject/35465009/,7.1,"喜剧,爱情,古装",4,,,2023-01-04 00:46:22,
3626561243,间谍过家家 Part 2,,https://img1.doubanio.com/view/photo/m_ratio_poster/public/p2878984749.jpg,2022-10-01(日本),https://movie.douban.com/subject/35724582/,9,动画,5,,,2023-01-01 10:02:17,
3626148797,还是觉得你最好,,https://img2.doubanio.com/view/photo/m_ratio_poster/public/p2879301401.jpg,2022-09-09(中国大陆),https://movie.douban.com/subject/35503125/,7.4,"喜剧,爱情",3,,,2022-12-31 23:54:46,
3624712037,奔跑吧·共同富裕篇,,https://img9.doubanio.com/view/photo/m_ratio_poster/public/p2882686284.jpg,2022-11-04(中国大陆),https://movie.douban.com/subject/36086337/,5.5,真人秀,3,,,2022-12-31 11:21:36,
3623834683,我黄金光辉的人生,,https://img2.doubanio.com/view/photo/m_ratio_poster/public/p2497226961.jpg,2017-09-02(韩国),https://movie.douban.com/subject/26993075/,7.8,剧情,3,,,2022-12-30 22:40:02,
3619644937,死神 千年血战篇,,https://img2.doubanio.com/view/photo/m_ratio_poster/public/p2877408292.jpg,2022-10-10(日本/中国大陆),https://movie.douban.com/subject/35001432/,9.7,"动作,动画,奇幻",2,,,2022-12-28 13:33:19,
3614590907,县委大院,,https://img2.doubanio.com/view/photo/m_ratio_poster/public/p2884840342.jpg,2022-12-07(中国大陆),https://movie.douban.com/subject/35613241/,6.8,剧情,3,,,2022-12-24 21:39:56,
3612104733,忍之一时,,https://img2.doubanio.com/view/photo/m_ratio_poster/public/p2876589753.jpg,2022-10-04(日本),https://movie.douban.com/subject/35780688/,5.1,"剧情,科幻,动画",2,,,2022-12-22 22:11:35,
3612035491,我们的歌 第四季,,https://img1.doubanio.com/view/photo/m_ratio_poster/public/p2880603709.jpg,2022-09-25(中国大陆),https://movie.douban.com/subject/35879798/,7,"音乐,真人秀",4,,,2022-12-22 21:26:55,
3607028297,讲究人,,https://img9.doubanio.com/view/photo/m_ratio_poster/public/p2872860226.jpg,2022-12-18(中国大陆),https://movie.douban.com/subject/35873642/,4,喜剧,1,,,2022-12-18 15:35:34,
3599625945,仙王的日常生活 第三季,,https://img2.doubanio.com/view/photo/m_ratio_poster/public/p2751515452.jpg,2022-10-02(中国大陆),https://movie.douban.com/subject/35679830/,5.6,动画,3,,,2022-12-11 18:54:07,
3591676729,后翼弃兵,,https://img9.doubanio.com/view/photo/m_ratio_poster/public/p2621201524.jpg,2020-10-23(美国),https://movie.douban.com/subject/32579283/,9,剧情,4,,,2022-12-04 23:50:40,
3589315449,三角窗外是黑夜,,https://img1.doubanio.com/view/photo/m_ratio_poster/public/p2680768030.jpg,2021-10-03(日本),https://movie.douban.com/subject/35280806/,7.2,动画,3,,,2022-12-03 15:20:26,
3582216288,脱口秀大会 第五季,,https://img2.doubanio.com/view/photo/m_ratio_poster/public/p2879037403.jpg,2022-08-30(中国大陆),https://movie.douban.com/subject/35890182/,6,"喜剧,脱口秀",3,,,2022-11-27 18:41:36,
3579713620,龙族,,https://img1.doubanio.com/view/photo/m_ratio_poster/public/p2875330368.jpg,2022-08-19(中国大陆),https://movie.douban.com/subject/35170003/,6.4,动画,3,,,2022-11-25 18:31:23,
3572057964,新神榜：杨戬,,https://img9.doubanio.com/view/photo/m_ratio_poster/public/p2878224156.jpg,2022-08-19(中国大陆),https://movie.douban.com/subject/35360684/,7,"动作,动画,奇幻",2,你要不看看你在讲什么？这故事也太乱了吧,,2022-11-19 01:39:46,
3564912753,名侦探柯南：万圣节的新娘,,https://img2.doubanio.com/view/photo/m_ratio_poster/public/p2883894742.jpg,2022-11-18(中国大陆),https://movie.douban.com/subject/35437938/,7.4,"动作,动画,悬疑",4,,,2022-11-12 23:39:09,
3549759856,快乐回来啦,,https://img9.doubanio.com/view/photo/m_ratio_poster/public/p2882551064.jpg,2022-10-28(中国大陆),https://movie.douban.com/subject/36135036/,8.6,真人秀,4,,,2022-10-30 18:24:12,
3548456261,战千年,,https://img2.doubanio.com/view/photo/m_ratio_poster/public/p2751515722.jpg,2022-07-23(中国大陆),https://movie.douban.com/subject/35679832/,,动画,3,,动画,2022-10-29 18:57:31,
3548057034,鸣鸟不飞：乌云密布,,https://img9.doubanio.com/view/photo/m_ratio_poster/public/p2586787185.jpg,2020-02-15(日本),https://movie.douban.com/subject/33425932/,8.3,"动画,同性",3,,,2022-10-29 12:49:32,
3540921999,夫君，请自重,,https://img2.doubanio.com/view/photo/m_ratio_poster/public/p2883374221.jpg,2022-09-30(中国大陆),https://movie.douban.com/subject/36106806/,5.3,"爱情,奇幻",3,,,2022-10-23 00:04:08,
3540393485,黑门,,https://img9.doubanio.com/view/photo/m_ratio_poster/public/p2876361744.jpg,2022-07-29(中国大陆),https://movie.douban.com/subject/35259439/,8.2,"科幻,动画,悬疑",3,,,2022-10-22 17:49:44,
3536380608,将军府来了个小厨娘,,https://img9.doubanio.com/view/photo/m_ratio_poster/public/p2881651244.jpg,2022-09-27(中国大陆),https://movie.douban.com/subject/36117337/,5,"剧情,爱情,短片",2,,,2022-10-18 23:44:22,
3534264253,眷思量,,https://img9.doubanio.com/view/photo/m_ratio_poster/public/p2651514826.jpg,2021-06-14(中国大陆),https://movie.douban.com/subject/33717831/,8,"动画,奇幻,冒险",3,,,2022-10-17 01:01:14,
3534126551,魔道祖师 第一季,,https://img1.doubanio.com/view/photo/m_ratio_poster/public/p2523153760.jpg,2018-07-09(中国大陆),https://movie.douban.com/subject/27015848/,8.8,"剧情,动画,古装",5,,,2022-10-16 23:16:45,
3534125775,凡人修仙传 燕家堡之战,,https://img2.doubanio.com/view/photo/m_ratio_poster/public/p2631537463.jpg,2021-01-31(中国大陆),https://movie.douban.com/subject/35259437/,8.2,动画,5,,,2022-10-16 23:16:15,
3534125540,凡人修仙传：再别天南,,https://img2.doubanio.com/view/photo/m_ratio_poster/public/p2875806393.jpg,2022-04-24(中国大陆),https://movie.douban.com/subject/35882624/,8.9,"动作,动画,奇幻",5,,,2022-10-16 23:16:06,
3534124374,凡人修仙传：初入星海,,https://img1.doubanio.com/view/photo/m_ratio_poster/public/p2881861577.jpg,2022-07-31(中国大陆),https://movie.douban.com/subject/36017435/,9,"动作,动画,奇幻",5,,,2022-10-16 23:15:19,
3532183023,不死者之王 第四季,,https://img1.doubanio.com/view/photo/m_ratio_poster/public/p2786009959.jpg,2022-07-05(日本),https://movie.douban.com/subject/35460694/,7.8,"剧情,动画,战争",2,,,2022-10-15 14:48:15,
3523476376,微微一笑很倾城,,https://img1.doubanio.com/view/photo/m_ratio_poster/public/p2372528799.jpg,2016-08-22(中国大陆),https://movie.douban.com/subject/26427831/,7.1,"剧情,爱情",3,,,2022-10-07 18:30:38,
3522231274,昆仑神宫,,https://img9.doubanio.com/view/photo/m_ratio_poster/public/p2880550356.jpg,2022-09-20(中国大陆),https://movie.douban.com/subject/35095038/,6.9,"剧情,动作,冒险",3,,,2022-10-06 20:11:24,
3518526726,百妖谱·京师篇,,https://img1.doubanio.com/view/photo/m_ratio_poster/public/p2751486358.jpg,2022-07-25(中国大陆),https://movie.douban.com/subject/35679807/,8.6,动画,4,,,2022-10-03 21:42:20,
3518231035,囚犯医生,,https://img9.doubanio.com/view/photo/m_ratio_poster/public/p2549329796.jpg,2019-03-20(韩国),https://movie.douban.com/subject/30346900/,8.9,剧情,4,,,2022-10-03 17:45:21,
3517413678,侠探简不知,,https://img1.doubanio.com/view/photo/m_ratio_poster/public/p2594350517.jpg,2020-04-08(中国大陆),https://movie.douban.com/subject/30371563/,7.8,"爱情,悬疑,武侠",3,最后一集真的是为了强行出第二季啊,,2022-10-02 23:46:52,
3509062531,黑之召唤士,,https://img1.doubanio.com/view/photo/m_ratio_poster/public/p2871657519.jpg,2022-07-09(日本),https://movie.douban.com/subject/35774069/,6.1,"动画,奇幻,冒险",3,,,2022-09-25 09:19:25,
3508027365,夏日重现,,https://img2.doubanio.com/view/photo/m_ratio_poster/public/p2867588013.jpg,2022-04-14(日本),https://movie.douban.com/subject/35351365/,9.1,"动画,悬疑,惊悚",5,,,2022-09-24 11:10:22,
3507750532,咒术回战 0,,https://img1.doubanio.com/view/photo/m_ratio_poster/public/p2708190250.jpg,2021-12-24(日本),https://movie.douban.com/subject/35414623/,8.2,动画,4,「真是失礼啊…我们可是纯爱啊…」,,2022-09-24 00:27:42,
3500507976,萌妻食神：再结良缘,,https://img1.doubanio.com/view/photo/m_ratio_poster/public/p2700270877.jpg,2021-10-09(中国大陆),https://movie.douban.com/subject/35623382/,7.2,动画,3,,,2022-09-17 12:01:28,
3500507095,萌妻食神 第三季,,https://img2.doubanio.com/view/photo/m_ratio_poster/public/p2875011601.jpg,2022-07-05(中国大陆),https://movie.douban.com/subject/35679827/,7.1,动画,2,,,2022-09-17 12:00:32,
3494276733,人生大事,,https://img1.doubanio.com/view/photo/m_ratio_poster/public/p2874262709.jpg,2022-06-24(中国大陆),https://movie.douban.com/subject/35460157/,7.3,"剧情,家庭",5,,,2022-09-11 20:40:01,
3492022797,剑网3·侠肝义胆沈剑心 第三季,,https://img1.doubanio.com/view/photo/m_ratio_poster/public/p2619307308.jpg,2022-07-08(中国大陆),https://movie.douban.com/subject/35198625/,8,"剧情,喜剧,动画",3,,,2022-09-09 23:42:27,
3472242650,快乐再出发,,https://img1.doubanio.com/view/photo/m_ratio_poster/public/p2885753659.jpg,2022-07-05(中国大陆),https://movie.douban.com/subject/35918457/,9.6,"音乐,真人秀",5,,,2022-08-24 23:08:29,
3457108982,欢乐颂2,,https://img9.doubanio.com/view/photo/m_ratio_poster/public/p2443590214.jpg,2017-05-11(中国大陆),https://movie.douban.com/subject/26743573/,5.4,"剧情,爱情",2,,,2022-08-14 01:24:24,
3456069846,欢乐颂,,https://img2.doubanio.com/view/photo/m_ratio_poster/public/p2336048812.jpg,2016-04-18(中国大陆),https://movie.douban.com/subject/26430092/,7.5,"剧情,爱情",3,,,2022-08-13 12:22:29,
3454548011,少年派2,,https://img9.doubanio.com/view/photo/m_ratio_poster/public/p2867195596.jpg,2022-07-21(中国大陆),https://movie.douban.com/subject/35048530/,6.7,"剧情,喜剧,爱情",2,,,2022-08-12 00:51:54,
3450120314,小欢喜,,https://img1.doubanio.com/view/photo/m_ratio_poster/public/p2564832427.jpg,2019-07-31(中国大陆),https://movie.douban.com/subject/26946624/,8.2,"剧情,家庭",4,,,2022-08-08 06:54:00,
3447329164,天才基本法,,https://img1.doubanio.com/view/photo/m_ratio_poster/public/p2876345437.jpg,2022-07-22(中国大陆),https://movie.douban.com/subject/34982236/,7.3,"剧情,爱情",4,,,2022-08-06 00:06:41,
3447266569,独行月球,,https://img1.doubanio.com/view/photo/m_ratio_poster/public/p2876409008.jpg,2022-07-29(中国大陆),https://movie.douban.com/subject/35183042/,6.6,"喜剧,科幻",2,,,2022-08-05 23:22:43,
3440186875,奔跑吧 第六季,,https://img2.doubanio.com/view/photo/m_ratio_poster/public/p2869343292.jpg,2022-05-13(中国大陆),https://movie.douban.com/subject/35559286/,6.5,"运动,真人秀",3,,,2022-07-30 22:13:45,
3433652631,刀剑神域 进击篇 无星之夜的咏叹调,,https://img2.doubanio.com/view/photo/m_ratio_poster/public/p2637141303.jpg,2021-10-30(日本),https://movie.douban.com/subject/30359166/,8.1,"动画,奇幻,冒险",3,,,2022-07-25 00:34:57,
3417107082,山河故人,,https://img1.doubanio.com/view/photo/m_ratio_poster/public/p2274320140.jpg,2015-10-30(中国大陆),https://movie.douban.com/subject/25890005/,8.1,"剧情,家庭",4,,,2022-07-10 20:59:10,
3416995395,目中无人,,https://img1.doubanio.com/view/photo/m_ratio_poster/public/p2873818227.jpg,2022-06-03(中国大陆网络),https://movie.douban.com/subject/35295405/,7.1,"动作,武侠",3,画面牛逼是真牛逼，洒酒放火平 A 开大那一下帅爆了！就是剧情真的是硬伤！,,2022-07-10 19:33:51,
3416603010,羽球青春,,https://img1.doubanio.com/view/photo/m_ratio_poster/public/p2880919779.jpg,2022-04-02(日本),https://movie.douban.com/subject/35560063/,6,"动画,运动",2,可以说是羽毛球上一无是处,,2022-07-10 14:38:58,
3416601159,间谍过家家,,https://img1.doubanio.com/view/photo/m_ratio_poster/public/p2869306649.jpg,2022-04-09(日本),https://movie.douban.com/subject/35258427/,8.9,动画,4,,,2022-07-10 14:37:15,
3405591163,盾之勇者成名录 第二季,,https://img9.doubanio.com/view/photo/m_ratio_poster/public/p2619394275.jpg,2022-04-06(日本),https://movie.douban.com/subject/34815451/,5.6,"剧情,动画,奇幻",2,,,2022-06-30 08:25:17,
3394338044,开局一座山,,https://img9.doubanio.com/view/photo/m_ratio_poster/public/p2869191725.jpg,2022-04-15(中国大陆),https://movie.douban.com/subject/35791920/,7.6,"喜剧,动画,武侠",3,,,2022-06-19 13:25:21,
3394311594,不后悔,,https://img9.doubanio.com/view/photo/m_ratio_poster/public/p537034124.jpg,2006-11-16,https://movie.douban.com/subject/2055699/,7.6,"剧情,爱情,同性",3,,,2022-06-19 12:56:30,
3393816095,夏日友晴天,,https://img1.doubanio.com/view/photo/m_ratio_poster/public/p2675958609.jpg,2021-08-20(中国大陆),https://movie.douban.com/subject/35161768/,7.3,"喜剧,动画,奇幻",3,,,2022-06-18 22:57:00,
3389127854,警察荣誉,,https://img1.doubanio.com/view/photo/m_ratio_poster/public/p2645165728.jpg,2022-05-28(中国大陆),https://movie.douban.com/subject/35429466/,8.5,剧情,5,,,2022-06-14 00:17:33,
3379960071,神枪手,,https://img1.doubanio.com/view/photo/m_ratio_poster/public/p2631071497.jpg,2021-01-15(美国),https://movie.douban.com/subject/33441781/,5.6,"动作,惊悚",2,,,2022-06-05 18:39:26,
3378440237,排球少年 第四季 Part.2,,https://img1.doubanio.com/view/photo/m_ratio_poster/public/p2621917907.jpg,2020-10-02(日本),https://movie.douban.com/subject/35131275/,9.3,"剧情,动画,运动",5,,,2022-06-04 20:24:24,
3378439606,排球少年 第四季,,https://img9.doubanio.com/view/photo/m_ratio_poster/public/p2569422684.jpg,2020-01-10(日本),https://movie.douban.com/subject/30411330/,9.2,"动画,运动",5,,,2022-06-04 20:23:49,
3378438751,排球少年 第三季,,https://img1.doubanio.com/view/photo/m_ratio_poster/public/p2381935440.jpg,2016-10-07(日本),https://movie.douban.com/subject/26752075/,9.8,"剧情,动画,运动",5,,,2022-06-04 20:23:00,
3378438542,排球少年 第二季,,https://img9.doubanio.com/view/photo/m_ratio_poster/public/p2272736634.jpg,2015-10-03(日本),https://movie.douban.com/subject/26285156/,9.7,"剧情,动画,运动",5,,,2022-06-04 20:22:49,
3378438077,排球少年,,https://img2.doubanio.com/view/photo/m_ratio_poster/public/p2178189911.jpg,2014-04-06(日本),https://movie.douban.com/subject/25732103/,9.6,"剧情,动画,运动",5,,,2022-06-04 20:22:23,
3372415707,五个扑水的少年,,https://img1.doubanio.com/view/photo/m_ratio_poster/public/p958191439.jpg,2001-09-15(日本),https://movie.douban.com/subject/1301359/,8.3,"喜剧,运动",3,,,2022-05-29 22:11:49,
3372268451,五个扑水的少年,,https://img9.doubanio.com/view/photo/m_ratio_poster/public/p2873274244.jpg,2021-10-01(中国大陆),https://movie.douban.com/subject/35030151/,7.2,"喜剧,运动",4,,,2022-05-29 20:21:11,
3371354933,强风吹拂,,https://img1.doubanio.com/view/photo/m_ratio_poster/public/p2535645337.jpg,2018-10-02(日本),https://movie.douban.com/subject/30238385/,9.6,"动画,运动",5,,,2022-05-29 01:12:00,
3366856121,白领羽球部,,https://img2.doubanio.com/view/photo/m_ratio_poster/public/p2703738272.jpg,2022-01-29(日本),https://movie.douban.com/subject/35634627/,7.4,"动画,运动",5,,,2022-05-25 04:09:09,
3363748249,东京单身男子,,https://img1.doubanio.com/view/photo/m_ratio_poster/public/p2553502498.jpg,2019-04-13(日本),https://movie.douban.com/subject/30463672/,6.9,"剧情,喜剧,爱情",3,,,2022-05-22 18:06:12,
3362587162,黄金蜘蛛城,,https://img9.doubanio.com/view/photo/m_ratio_poster/public/p2873259084.jpg,2022-05-21(中国大陆网络),https://movie.douban.com/subject/26831508/,3.5,,1,,,2022-05-21 21:23:26,
3362479104,悬崖之上,,https://img9.doubanio.com/view/photo/m_ratio_poster/public/p2636475385.jpg,2021-04-30(中国大陆),https://movie.douban.com/subject/32493124/,7.6,"剧情,动作,悬疑",4,,,2022-05-21 19:57:34,
3362034376,重生之门,,https://img9.doubanio.com/view/photo/m_ratio_poster/public/p2871986075.jpg,2022-04-27(中国大陆),https://movie.douban.com/subject/35359490/,6.7,"悬疑,犯罪",3,,,2022-05-21 13:23:47,
3355676838,守护解放西3,,https://img9.doubanio.com/view/photo/m_ratio_poster/public/p2885594986.jpg,2022-01-07(中国大陆),https://movie.douban.com/subject/35713161/,8.7,纪录片,5,,,2022-05-15 21:13:31,
3355676418,守护解放西2,,https://img2.doubanio.com/view/photo/m_ratio_poster/public/p2624512671.jpg,2020-10-30(中国大陆),https://movie.douban.com/subject/35231039/,9,纪录片,5,,,2022-05-15 21:13:14,
3354869716,王牌对王牌 第七季,,https://img1.doubanio.com/view/photo/m_ratio_poster/public/p2868780170.jpg,2022-02-25(中国大陆),https://movie.douban.com/subject/35610264/,4.7,真人秀,2,,,2022-05-15 09:51:09,
3354204192,追凶者也,,https://img2.doubanio.com/view/photo/m_ratio_poster/public/p2375882763.jpg,2016-09-14(中国大陆),https://movie.douban.com/subject/26284621/,7.9,"剧情,喜剧,犯罪",4,,,2022-05-14 20:47:59,
3342309282,珍馐记,,https://img2.doubanio.com/view/photo/m_ratio_poster/public/p2872043232.jpg,2022-04-07(中国大陆),https://movie.douban.com/subject/35390375/,6.9,"喜剧,爱情,古装",3,,,2022-05-05 09:56:28,
3319534685,凡人修仙传：魔道争锋,,https://img1.doubanio.com/view/photo/m_ratio_poster/public/p2885525039.jpg,2021-11-14(中国大陆),https://movie.douban.com/subject/35640039/,8.7,"动画,奇幻,武侠",4,,,2022-04-17 20:53:19,
3319003003,喜羊羊与灰太狼之筐出未来,,https://img2.doubanio.com/view/photo/m_ratio_poster/public/p2797468943.jpg,2022-02-01(中国大陆),https://movie.douban.com/subject/35608160/,6.8,"喜剧,动画,运动",3,,,2022-04-17 14:12:25,
3318254607,这个杀手不太冷静,,https://img1.doubanio.com/view/photo/m_ratio_poster/public/p2814949620.jpg,2022-02-01(中国大陆),https://movie.douban.com/subject/35505100/,6.2,喜剧,2,,,2022-04-16 23:08:03,
3317546649,奇迹·笨小孩,,https://img2.doubanio.com/view/photo/m_ratio_poster/public/p2842327103.jpg,2022-02-01(中国大陆),https://movie.douban.com/subject/35312437/,7.4,剧情,4,,,2022-04-16 14:44:13,
3309384227,永生,,https://img9.doubanio.com/view/photo/m_ratio_poster/public/p2736068636.jpg,2022-01-29(中国大陆),https://movie.douban.com/subject/35346290/,6,"动画,奇幻,冒险",2,,,2022-04-10 00:47:19,
3303597249,道士下山,,https://img9.doubanio.com/view/photo/m_ratio_poster/public/p2251450614.jpg,2015-07-03(中国大陆),https://movie.douban.com/subject/24879839/,5.5,"喜剧,动作,奇幻",2,,,2022-04-05 20:59:14,
3303130701,大哥，别闹了,,https://img1.doubanio.com/view/photo/m_ratio_poster/public/p2869340820.jpg,2022-03-17(中国大陆),https://movie.douban.com/subject/35589249/,3.7,喜剧,1,,,2022-04-05 15:22:37,
3302187389,你好，李焕英,,https://img1.doubanio.com/view/photo/m_ratio_poster/public/p2629056068.jpg,2021-02-12(中国大陆),https://movie.douban.com/subject/34841067/,7.7,"剧情,喜剧,奇幻",4,,,2022-04-04 22:33:29,
3291567891,同学麦娜丝,,https://img2.doubanio.com/view/photo/m_ratio_poster/public/p2623673142.jpg,2020-11-20(中国台湾),https://movie.douban.com/subject/34902639/,7.9,"剧情,喜剧",3,,,2022-03-27 23:22:31,
3291329953,爱情神话,,https://img2.doubanio.com/view/photo/m_ratio_poster/public/p2772925591.jpg,2021-12-24(中国大陆),https://movie.douban.com/subject/35376457/,8.1,"剧情,喜剧,爱情",4,,,2022-03-27 21:07:39,
3290777013,扑克王,,https://img9.doubanio.com/view/photo/m_ratio_poster/public/p1108442595.jpg,2009-10-22,https://movie.douban.com/subject/3862627/,5.5,喜剧,2,,,2022-03-27 14:35:41,
3281441918,雄狮少年,,https://img1.doubanio.com/view/photo/m_ratio_poster/public/p2702755317.jpg,2021-12-17(中国大陆),https://movie.douban.com/subject/35144311/,8.3,"剧情,喜剧,动画",5,,,2022-03-20 17:42:45,
3273554308,海岬的迷途之家,,https://img2.doubanio.com/view/photo/m_ratio_poster/public/p2668560522.jpg,2021-08-27(日本),https://movie.douban.com/subject/35243066/,7.1,动画,3,,,2022-03-14 22:25:54,
3272273237,困在时间里的父亲,,https://img9.doubanio.com/view/photo/m_ratio_poster/public/p2628877926.jpg,2021-06-18(中国大陆),https://movie.douban.com/subject/33432655/,8.6,剧情,4,,,2022-03-13 21:18:13,
3270743979,浩哥爱情故事,,https://img2.doubanio.com/view/photo/m_ratio_poster/public/p2869487612.jpg,2022-03-11(中国大陆),https://movie.douban.com/subject/35797570/,4.5,"喜剧,爱情",3,,,2022-03-12 20:05:32,
3245078694,陈翔六点半之拳王妈妈,,https://img2.doubanio.com/view/photo/m_ratio_poster/public/p2868488291.jpg,2022-02-18(中国大陆),https://movie.douban.com/subject/35768795/,5.3,"喜剧,动作",3,,,2022-02-19 14:50:34,
3238172243,鬼灭之刃 游郭篇,,https://img2.doubanio.com/view/photo/m_ratio_poster/public/p2851359433.jpg,2021-12-05(日本),https://movie.douban.com/subject/34813210/,9.3,动画,5,,,2022-02-14 08:38:29,
3235185344,大王饶命,,https://img2.doubanio.com/view/photo/m_ratio_poster/public/p2616542263.jpg,2021-12-03(中国大陆),https://movie.douban.com/subject/35169988/,7.2,"喜剧,动作,爱情",3,,,2022-02-12 12:12:37,
3226263444,木兰：横空出世,,https://img2.doubanio.com/view/photo/m_ratio_poster/public/p2620260893.jpg,2020-10-03(中国大陆),https://movie.douban.com/subject/34842226/,3.2,"喜剧,动作,动画",1,,,2022-02-06 20:55:27,
3224589671,暴走财神3,,https://img1.doubanio.com/view/photo/m_ratio_poster/public/p2867567100.jpg,2022-02-05(中国大陆),https://movie.douban.com/subject/35573290/,4.1,喜剧,1,,,2022-02-05 23:16:21,
3223417380,对手,,https://img2.doubanio.com/view/photo/m_ratio_poster/public/p2782204672.jpg,2021-12-16(中国大陆),https://movie.douban.com/subject/35235428/,7.8,"剧情,悬疑",3,,,2022-02-05 14:07:10,
3221734308,李茂扮太子,,https://img1.doubanio.com/view/photo/m_ratio_poster/public/p2812626447.jpg,2022-01-01(中国大陆),https://movie.douban.com/subject/35444998/,4.3,"喜剧,古装",3,,,2022-02-04 15:27:06,
3220384337,铁道英雄,,https://img9.doubanio.com/view/photo/m_ratio_poster/public/p2684720964.jpg,2021-11-19(中国大陆),https://movie.douban.com/subject/35205446/,5.8,"剧情,动作,历史",2,,,2022-02-03 20:55:17,
3218557805,枕刀歌之尘世行,,https://img1.doubanio.com/view/photo/m_ratio_poster/public/p2641407927.jpg,2022-02-01(中国大陆),https://movie.douban.com/subject/35437945/,7.6,"动作,动画,武侠",5,,,2022-02-02 21:35:10,
3216281256,开端,,https://img1.doubanio.com/view/photo/m_ratio_poster/public/p2843045720.jpg,2022-01-11(中国大陆),https://movie.douban.com/subject/35332289/,7.9,剧情,5,「人言可畏」,,2022-02-01 18:47:12,
3215623184,心灵奇旅,,https://img9.doubanio.com/view/photo/m_ratio_poster/public/p2626308994.jpg,2020-12-25(中国大陆/美国网络),https://movie.douban.com/subject/24733428/,8.7,"动画,音乐,奇幻",4,,,2022-02-01 11:13:20,
3204217734,海蒂和爷爷,,https://img9.doubanio.com/view/photo/m_ratio_poster/public/p2554525534.jpg,2019-05-16(中国大陆),https://movie.douban.com/subject/25958717/,9.3,"剧情,家庭,冒险",5,,,2022-01-23 19:18:19,
3204212039,新神榜：哪吒重生,,https://img9.doubanio.com/view/photo/m_ratio_poster/public/p2631711326.jpg,2021-02-12(中国大陆),https://movie.douban.com/subject/34779692/,6.8,"动作,动画,奇幻",4,画面就还行，故事后期有点一般，反派这么随意就死了？,,2022-01-23 19:13:55,
3204035014,宝可梦：皮卡丘和可可的冒险,,https://img1.doubanio.com/view/photo/m_ratio_poster/public/p2619351418.jpg,2021-09-10(中国大陆),https://movie.douban.com/subject/34943015/,6.6,"剧情,动画,冒险",3,,,2022-01-23 17:01:41,
3193093693,言语如苏打般涌现,,https://img1.doubanio.com/view/photo/m_ratio_poster/public/p2624516210.jpg,2020-07-25(上海电影节),https://movie.douban.com/subject/30453095/,7.8,动画,4,中文翻译真的很棒,,2022-01-15 22:42:46,
3184033391,人之怒,,https://img2.doubanio.com/view/photo/m_ratio_poster/public/p2642842673.jpg,2021-05-10(中国大陆),https://movie.douban.com/subject/27046740/,6.7,"动作,犯罪",2,,,2022-01-09 09:17:45,
3183775679,沙丘,,https://img9.doubanio.com/view/photo/m_ratio_poster/public/p2687443734.jpg,2021-10-22(美国/中国大陆),https://movie.douban.com/subject/3001114/,7.7,"剧情,科幻,冒险",3,,,2022-01-09 00:45:17,
3183097004,仙王的日常生活第二季,,https://img1.doubanio.com/view/photo/m_ratio_poster/public/p2711766298.jpg,2021-10-30(中国大陆),https://movie.douban.com/subject/35263083/,5.4,动画,3,,,2022-01-08 17:58:29,
3182260658,鬼灭之刃 无限列车篇,,https://img9.doubanio.com/view/photo/m_ratio_poster/public/p2694561204.jpg,2021-10-10(日本),https://movie.douban.com/subject/35620761/,9.2,"动画,奇幻",5,,,2022-01-08 00:41:31,
3175684623,转生成为了只有乙女游戏破灭Flag的邪恶大小姐 第二季,,https://img9.doubanio.com/view/photo/m_ratio_poster/public/p2635809694.jpg,2021-07-02(日本),https://movie.douban.com/subject/35128791/,7.7,"剧情,喜剧,爱情",3,,,2022-01-03 12:31:31,
3174280696,夏目友人帐：石起和可疑来访者,,https://img9.doubanio.com/view/photo/m_ratio_poster/public/p2630613895.jpg,2021-01-16(日本),https://movie.douban.com/subject/35206315/,9,"动画,奇幻",4,,,2022-01-02 16:03:41,
3174152444,因为不是真正的伙伴而被逐出勇者队伍，流落到边境展开慢活人生,,https://img9.doubanio.com/view/photo/m_ratio_poster/public/p2649909156.jpg,2021-10-06(日本),https://movie.douban.com/subject/35257616/,6.3,"动画,奇幻",2,,,2022-01-02 14:31:51,
3173159811,风起洛阳,,https://img1.doubanio.com/view/photo/m_ratio_poster/public/p2741802500.jpg,2021-12-01(中国大陆),https://movie.douban.com/subject/33442334/,6.3,"剧情,悬疑,古装",3,,,2022-01-01 21:56:18,
3160549484,世界顶尖的暗杀者转生为异世界贵族,,https://img1.doubanio.com/view/photo/m_ratio_poster/public/p2874397007.jpg,2021-10-06(日本),https://movie.douban.com/subject/35352354/,6.8,动画,3,,,2021-12-24 12:55:43,
3152450982,烈火浇愁,,https://img9.doubanio.com/view/photo/m_ratio_poster/public/p2692021674.jpg,2021-10-07(中国大陆),https://movie.douban.com/subject/35263118/,7.6,动画,3,,,2021-12-18 11:32:53,
3134440555,扬名立万,,https://img1.doubanio.com/view/photo/m_ratio_poster/public/p2881817779.jpg,2021-11-11(中国大陆),https://movie.douban.com/subject/35422807/,7.4,"剧情,喜剧,悬疑",4,,,2021-12-03 21:36:35,
3132235428,识夜描银,,https://img1.doubanio.com/view/photo/m_ratio_poster/public/p2688528299.jpg,2021-09-29(中国大陆),https://movie.douban.com/subject/27596873/,6.3,"动画,奇幻",3,,,2021-12-02 00:09:49,
3126515047,奔跑吧·黄河篇 第二季,,https://img1.doubanio.com/view/photo/m_ratio_poster/public/p2872870339.jpg,2021-10-22(中国大陆),https://movie.douban.com/subject/35559284/,5.3,真人秀,3,,,2021-11-28 00:17:09,
3126512949,名侦探柯南：红之校外旅行,,https://img1.doubanio.com/view/photo/m_ratio_poster/public/p2634281809.jpg,2020-11-20(中国台湾),https://movie.douban.com/subject/35207723/,8.8,动画,3,,,2021-11-28 00:15:55,
3126510551,名侦探柯南：绯色的子弹,,https://img2.doubanio.com/view/photo/m_ratio_poster/public/p2638968571.jpg,2021-04-17(中国大陆),https://movie.douban.com/subject/33454993/,5.6,"动作,动画,悬疑",3,,,2021-11-28 00:14:32,
3116689592,英雄联盟：双城之战 第一季,,https://img9.doubanio.com/view/photo/m_ratio_poster/public/p2714077426.jpg,2021-11-07(中国大陆),https://movie.douban.com/subject/34867871/,9,"动作,科幻,动画",4,,,2021-11-20 20:58:38,
3077188322,脱口秀大会 第四季,,https://img2.doubanio.com/view/photo/m_ratio_poster/public/p2675827902.jpg,2021-08-10(中国大陆),https://movie.douban.com/subject/35206452/,7.6,"喜剧,脱口秀",4,,,2021-10-17 22:20:48,
3075874276,魔道祖师 第三季,,https://img2.doubanio.com/view/photo/m_ratio_poster/public/p2675022023.jpg,2021-08-07(中国大陆),https://movie.douban.com/subject/34792351/,8.9,"剧情,动画,奇幻",4,,,2021-10-16 21:56:30,
3061790299,四平警事之尖峰时刻,,https://img9.doubanio.com/view/photo/m_ratio_poster/public/p2688748416.jpg,2021-10-04(中国大陆),https://movie.douban.com/subject/35352649/,5.7,喜剧,3,,,2021-10-05 13:34:01,
3060662765,嫌疑人X的献身,,https://img2.doubanio.com/view/photo/m_ratio_poster/public/p2448676053.jpg,2017-03-31(中国大陆),https://movie.douban.com/subject/26606743/,6.3,"剧情,悬疑,犯罪",3,,,2021-10-04 18:33:41,
3060097263,程序员那么可爱,,https://img9.doubanio.com/view/photo/m_ratio_poster/public/p2615896924.jpg,2021-09-10(中国大陆),https://movie.douban.com/subject/35139947/,2.9,"剧情,爱情",1,,,2021-10-04 10:45:58,
3059055351,黑白无双 第三季,,https://img9.doubanio.com/view/photo/m_ratio_poster/public/p2626880774.jpg,2021-07-19(中国大陆),https://movie.douban.com/subject/35263080/,,动画,3,,,2021-10-03 16:54:01,
3058091306,元龙 第二季,,https://img1.doubanio.com/view/photo/m_ratio_poster/public/p2667602999.jpg,2021-07-03(中国大陆),https://movie.douban.com/subject/35354642/,5.1,动画,2,,,2021-10-02 22:50:55,
3048901465,我立于百万生命之上 第二季,,https://img1.doubanio.com/view/photo/m_ratio_poster/public/p2630997058.jpg,2021-07-09(日本),https://movie.douban.com/subject/35296064/,7,"动画,奇幻",3,,,2021-09-25 08:49:20,
3045512626,关于我转生变成史莱姆这档事 第二季 Part.2,,https://img9.doubanio.com/view/photo/m_ratio_poster/public/p2665498066.jpg,2021-07-06(日本),https://movie.douban.com/subject/35044518/,6.4,"动画,奇幻,冒险",4,,,2021-09-22 00:36:52,
3045433425,D.P：逃兵追缉令,,https://img2.doubanio.com/view/photo/m_ratio_poster/public/p2674251831.jpg,2021-08-27(韩国),https://movie.douban.com/subject/35028876/,9.1,"剧情,动作,犯罪",3,最后一集不想吐槽，好多逻辑不合理，看的难受😣,,2021-09-21 23:37:35,
3044005914,云南虫谷,,https://img2.doubanio.com/view/photo/m_ratio_poster/public/p2623867432.jpg,2021-08-30(中国大陆),https://movie.douban.com/subject/35042912/,6.1,"剧情,动作,冒险",3,,,2021-09-20 21:42:03,
3043031557,你是我的荣耀,,https://img1.doubanio.com/view/photo/m_ratio_poster/public/p2656383070.jpg,2021-07-26(中国大陆),https://movie.douban.com/subject/33454980/,6.9,爱情,3,,,2021-09-20 02:35:20,
3035137931,白蛇2：青蛇劫起,,https://img2.doubanio.com/view/photo/m_ratio_poster/public/p2676545572.jpg,2021-07-23(中国大陆),https://movie.douban.com/subject/30435124/,6.8,"动画,奇幻,冒险",1,这剧情真的过于离谱,,2021-09-12 20:39:22,
2977740655,天宝伏妖录 第二季,,https://img1.doubanio.com/view/photo/m_ratio_poster/public/p2636331060.jpg,2021-04-25(中国大陆),https://movie.douban.com/subject/35263082/,7.7,动画,4,,,2021-08-01 23:45:48,
2975944421,致命女人 第二季,,https://img2.doubanio.com/view/photo/m_ratio_poster/public/p2654626463.jpg,2021-06-03(美国),https://movie.douban.com/subject/34859070/,7.3,"剧情,喜剧,犯罪",4,,,2021-07-31 22:49:31,
2967885744,一念永恒,,https://img9.doubanio.com/view/photo/m_ratio_poster/public/p2601245445.jpg,2020-08-12(中国大陆),https://movie.douban.com/subject/30425739/,7.7,"剧情,动画,古装",3,,,2021-07-25 22:07:44,
2949526819,转生成蜘蛛又怎样！,,https://img9.doubanio.com/view/photo/m_ratio_poster/public/p2626260075.jpg,2021-01-08(日本),https://movie.douban.com/subject/30267273/,7.5,"动画,奇幻,冒险",3,,,2021-07-11 21:32:25,
2947554065,时光代理人,,https://img9.doubanio.com/view/photo/m_ratio_poster/public/p2669131265.jpg,2021-04-30(中国大陆),https://movie.douban.com/subject/35263440/,8.1,动画,5,,,2021-07-10 14:34:29,
2932069161,人间烟火花小厨,,https://img9.doubanio.com/view/photo/m_ratio_poster/public/p2581611484.jpg,2020-01-27(中国大陆),https://movie.douban.com/subject/30243275/,6.9,"爱情,古装",3,,,2021-06-28 02:12:32,
2932069022,打了300年的史莱姆，不知不觉就练到了满级,,https://img1.doubanio.com/view/photo/m_ratio_poster/public/p2640267960.jpg,2021-04-10(日本),https://movie.douban.com/subject/34867935/,7,动画,3,,,2021-06-28 02:12:18,
2932068750,镇魂街 第二季,,https://img9.doubanio.com/view/photo/m_ratio_poster/public/p2574775186.jpg,2019-12-28(中国大陆),https://movie.douban.com/subject/26903977/,6.2,"剧情,动作,动画",4,,,2021-06-28 02:11:52,
2913564648,东城梦魇,,https://img1.doubanio.com/view/photo/m_ratio_poster/public/p2637878518.jpg,2021-04-18(美国),https://movie.douban.com/subject/30441731/,8.8,"剧情,悬疑,犯罪",4,,,2021-06-13 23:04:55,
2913086770,御赐小仵作,,https://img2.doubanio.com/view/photo/m_ratio_poster/public/p2652208493.jpg,2021-04-29(中国大陆),https://movie.douban.com/subject/32581207/,7.9,古装,4,,,2021-06-13 17:10:24,
2895877903,无罪之最,,https://img1.doubanio.com/view/photo/m_ratio_poster/public/p2639035790.jpg,2021-04-30(西班牙),https://movie.douban.com/subject/34926405/,8.5,"剧情,悬疑,惊悚",4,,,2021-05-30 01:06:12,
2864624496,唐人街探案3,,https://img2.doubanio.com/view/photo/m_ratio_poster/public/p2622388983.jpg,2021-02-12(中国大陆),https://movie.douban.com/subject/27619748/,5.3,"喜剧,悬疑",3,,,2021-05-04 22:06:54,
2846021054,侍神令,,https://img2.doubanio.com/view/photo/m_ratio_poster/public/p2629260713.jpg,2021-02-12(中国大陆),https://movie.douban.com/subject/26935283/,5.3,奇幻,2,,,2021-04-19 21:09:33,
2842774135,山河剑心,,https://img1.doubanio.com/view/photo/m_ratio_poster/public/p2632521880.jpg,2021-02-08(中国大陆),https://movie.douban.com/subject/35169997/,8.1,"剧情,动画,古装",4,,,2021-04-17 14:06:14,
2842627602,枕刀歌,,https://img2.doubanio.com/view/photo/m_ratio_poster/public/p2633496352.jpg,2021-02-05(中国大陆),https://movie.douban.com/subject/35350794/,8.2,"剧情,动画,武侠",5,,,2021-04-17 11:45:05,
2836102138,信条,,https://img1.doubanio.com/view/photo/m_ratio_poster/public/p2612061299.jpg,2020-09-04(中国大陆),https://movie.douban.com/subject/30444960/,7.6,"剧情,动作,科幻",4,,,2021-04-11 22:40:39,
2835109401,许愿神龙,,https://img1.doubanio.com/view/photo/m_ratio_poster/public/p2626260539.jpg,2021-01-15(中国大陆),https://movie.douban.com/subject/27662747/,6.5,"喜剧,动画,奇幻",3,,,2021-04-11 10:39:23,
2833901807,刺杀小说家,,https://img9.doubanio.com/view/photo/m_ratio_poster/public/p2628440875.jpg,2021-02-12(中国大陆),https://movie.douban.com/subject/26826330/,6.5,"动作,奇幻,冒险",3,,,2021-04-10 14:20:09,
2828520118,司藤,,https://img9.doubanio.com/view/photo/m_ratio_poster/public/p2634831926.jpg,2021-03-08(中国大陆),https://movie.douban.com/subject/27605542/,6.9,"剧情,爱情,奇幻",3,,,2021-04-06 14:15:47,
2822109261,回复术士的重来人生,,https://img1.doubanio.com/view/photo/m_ratio_poster/public/p2638431037.jpg,2021-01-13(日本),https://movie.douban.com/subject/34925662/,7.6,动画,1,,,2021-04-02 13:17:07,
2819408998,记录的地平线 第三季 圆桌崩坏,,https://img2.doubanio.com/view/photo/m_ratio_poster/public/p2628639042.jpg,2021-01-13(日本),https://movie.douban.com/subject/34959193/,8.1,"动作,动画,奇幻",4,,,2021-03-31 19:59:53,
2818472458,修容镇,,https://img2.doubanio.com/view/photo/m_ratio_poster/public/p2610412971.jpg,2020-06-15(法国昂西动画节),https://movie.douban.com/subject/35072999/,5.7,"动画,短片",3,,,2021-03-31 09:51:13,
2818371834,关于我转生变成史莱姆这档事 第二季,,https://img1.doubanio.com/view/photo/m_ratio_poster/public/p2623387200.jpg,2021-01-12(日本),https://movie.douban.com/subject/27186493/,7.6,"动画,奇幻",4,,,2021-03-31 08:18:44,
2817758953,影之诗,,https://img2.doubanio.com/view/photo/m_ratio_poster/public/p2579946731.jpg,2020-04-07(日本),https://movie.douban.com/subject/34852313/,3.2,动画,2,,,2021-03-30 21:01:42,
2816587656,厨神小当家 第二季,,https://img2.doubanio.com/view/photo/m_ratio_poster/public/p2629033893.jpg,2021-01-12(中国大陆),https://movie.douban.com/subject/34937945/,5.4,动画,1,,,2021-03-30 06:40:17,
2812857261,咒术回战,,https://img9.doubanio.com/view/photo/m_ratio_poster/public/p2620216005.jpg,2020-10-03(中国大陆),https://movie.douban.com/subject/34895145/,8.5,"动画,惊悚,奇幻",5,,,2021-03-27 21:53:46,
2808900131,天地创造设计部,,https://img1.doubanio.com/view/photo/m_ratio_poster/public/p2623386047.jpg,2021-01-07(日本),https://movie.douban.com/subject/35048149/,8,动画,5,,,2021-03-26 07:51:21,
2808658339,石纪元 第二季,,https://img1.doubanio.com/view/photo/m_ratio_poster/public/p2619508119.jpg,2021-01-14(日本),https://movie.douban.com/subject/35043393/,8.6,"科幻,动画",4,,,2021-03-25 23:31:59,
2803388754,好比是最终迷宫前的少年到新手村生活一般的故事,,https://img2.doubanio.com/view/photo/m_ratio_poster/public/p2640267041.jpg,2021-01-04(日本),https://movie.douban.com/subject/34868127/,6.1,动画,3,,,2021-03-22 23:30:57,
2800516353,半妖的夜叉姬,,https://img2.doubanio.com/view/photo/m_ratio_poster/public/p2602095722.jpg,2020-10-03(日本),https://movie.douban.com/subject/35061546/,6,"动画,奇幻",2,,,2021-03-21 18:17:24,
2789142607,钱断情始,,https://img9.doubanio.com/view/photo/m_ratio_poster/public/p2620270604.jpg,2020-09-15(日本),https://movie.douban.com/subject/35141236/,9,"喜剧,爱情",4,,,2021-03-14 22:04:46,
2780214884,赘婿,,https://img9.doubanio.com/view/photo/m_ratio_poster/public/p2633779065.jpg,2021-02-14(中国大陆),https://movie.douban.com/subject/27148168/,6.3,"剧情,古装",3,,,2021-03-08 04:02:46,
2779754648,边码故事,,https://img1.doubanio.com/view/photo/m_ratio_poster/public/p2634230140.jpg,2021-03-01(中国大陆),https://movie.douban.com/subject/35379222/,,纪录片,3,,,2021-03-07 21:16:52,
2768007617,风灵玉秀,,https://img9.doubanio.com/view/photo/m_ratio_poster/public/p2630856214.jpg,2017-03-31(中国大陆),https://movie.douban.com/subject/27011773/,8.4,"剧情,动画,古装",5,,,2021-02-27 15:15:05,
2767876042,剑网3·侠肝义胆沈剑心之长漂,,https://img2.doubanio.com/view/photo/m_ratio_poster/public/p2623702211.jpg,2020-10-24(中国大陆),https://movie.douban.com/subject/35196790/,7.4,"剧情,喜剧,动画",4,,,2021-02-27 13:24:50,
2756979722,成化十四年,,https://img1.doubanio.com/view/photo/m_ratio_poster/public/p2556753897.jpg,2020-04-01(中国大陆),https://movie.douban.com/subject/30361963/,5.8,"剧情,古装",3,,,2021-02-20 14:48:26,
2749499512,超完美谋杀案,,https://img2.doubanio.com/view/photo/m_ratio_poster/public/p2578851631.jpg,1998-06-05,https://movie.douban.com/subject/1297509/,7.1,"惊悚,犯罪",3,,,2021-02-17 17:32:45,
2731265240,未来的未来,,https://img2.doubanio.com/view/photo/m_ratio_poster/public/p2623809782.jpg,2020-11-06(中国大陆),https://movie.douban.com/subject/27045615/,6.6,"动画,奇幻",4,,,2021-02-09 16:23:43,
2726524484,沐浴之王,,https://img2.doubanio.com/view/photo/m_ratio_poster/public/p2627788612.jpg,2020-12-11(中国大陆),https://movie.douban.com/subject/34894753/,6,喜剧,2,,,2021-02-06 13:50:16,
2718852779,山海情,,https://img1.doubanio.com/view/photo/m_ratio_poster/public/p2630904628.jpg,2021-01-12(中国大陆),https://movie.douban.com/subject/35033654/,9.2,剧情,5,,,2021-02-01 06:01:54,
2707743522,汉化日记 第二季,,https://img9.doubanio.com/view/photo/m_ratio_poster/public/p2626113705.jpg,2020-11-15(中国大陆),https://movie.douban.com/subject/35132777/,8.7,"动画,短片,奇幻",5,,,2021-01-25 00:24:14,
2686160554,奔跑吧·黄河篇,,https://img1.doubanio.com/view/photo/m_ratio_poster/public/p2627139658.jpg,2020-12-04(中国大陆),https://movie.douban.com/subject/35192568/,5.8,"冒险,真人秀",3,,,2021-01-10 22:01:18,
2675324681,英雄再临,,https://img2.doubanio.com/view/photo/m_ratio_poster/public/p2616548423.jpg,2020-10-18(中国大陆),https://movie.douban.com/subject/34607338/,,"科幻,动画",3,,,2021-01-04 00:50:41,
2675077785,剑姬神圣谭,,https://img2.doubanio.com/view/photo/m_ratio_poster/public/p2441386023.jpg,2017-04,https://movie.douban.com/subject/26990174/,7.5,动画,4,,,2021-01-03 23:08:30,
2671995647,天官赐福,,https://img1.doubanio.com/view/photo/m_ratio_poster/public/p2621050857.jpg,2020-10-31(中国大陆),https://movie.douban.com/subject/34908091/,8.1,"剧情,动画",5,,,2021-01-02 16:19:05,
2669987745,幼女社长,,https://img9.doubanio.com/view/photo/m_ratio_poster/public/p2624356884.jpg,2021-01-01(日本),https://movie.douban.com/subject/35212756/,7.6,"喜剧,动画",3,,,2021-01-01 17:41:40,
2666684559,大唐帝陵,,https://img2.doubanio.com/view/photo/m_ratio_poster/public/p2613635891.jpg,2020-07-28(中国大陆),https://movie.douban.com/subject/35136801/,8.5,"动画,纪录片,历史",5,,,2020-12-30 21:30:53,
2659662508,成神之日,,https://img9.doubanio.com/view/photo/m_ratio_poster/public/p2621398994.jpg,2020-10-10(日本),https://movie.douban.com/subject/35063789/,5.2,动画,3,,,2020-12-27 01:26:26,
2657449651,秦侠,,https://img1.doubanio.com/view/photo/m_ratio_poster/public/p2621131618.jpg,2020-10-16(中国大陆),https://movie.douban.com/subject/35179349/,6.6,"动画,武侠,古装",3,,,2020-12-25 21:50:28,
2650494771,想见你,,https://img2.doubanio.com/view/photo/m_ratio_poster/public/p2576977981.jpg,2019-11-17(中国台湾),https://movie.douban.com/subject/30468961/,9.2,"爱情,悬疑,奇幻",4,,,2020-12-20 22:12:47,
2649836802,攀岩！,,https://img1.doubanio.com/view/photo/m_ratio_poster/public/p2616924830.jpg,2020-10-03(日本),https://movie.douban.com/subject/35049662/,6.4,"剧情,喜剧,动作",3,,,2020-12-20 14:07:51,
2649520528,体操武士,,https://img2.doubanio.com/view/photo/m_ratio_poster/public/p2620978722.jpg,2020-10-10(日本),https://movie.douban.com/subject/35181629/,8.1,"动画,运动",3,,,2020-12-20 09:23:19,
2648400973,我立于百万生命之上,,https://img1.doubanio.com/view/photo/m_ratio_poster/public/p2590399169.jpg,2020-10-02(日本),https://movie.douban.com/subject/34990427/,6.6,"动画,奇幻",3,,,2020-12-19 15:47:42,
2648162521,在地下城寻求邂逅是否搞错了什么 第三季,,https://img1.doubanio.com/view/photo/m_ratio_poster/public/p2612473979.jpg,2020-10-02(日本),https://movie.douban.com/subject/34845563/,7.5,动画,3,,,2020-12-19 13:01:43,
2642353232,鬼灭之刃 剧场版 无限列车篇,,https://img1.doubanio.com/view/photo/m_ratio_poster/public/p2595123270.jpg,2020-10-16(日本),https://movie.douban.com/subject/34845781/,7.9,动画,4,,,2020-12-14 22:11:42,
2640722581,焕脸,,https://img1.doubanio.com/view/photo/m_ratio_poster/public/p2626267560.jpg,2020-11-24(中国大陆),https://movie.douban.com/subject/34883171/,7,"喜剧,悬疑",3,,,2020-12-13 18:31:45,
2639977533,炎炎消防队 二之章,,https://img1.doubanio.com/view/photo/m_ratio_poster/public/p2604002960.jpg,2020-07-04(日本),https://movie.douban.com/subject/34937925/,8.1,动画,4,,,2020-12-13 05:08:17,
2629320596,全职高手 第二季,,https://img2.doubanio.com/view/photo/m_ratio_poster/public/p2554925461.jpg,2020-09-25(中国大陆),https://movie.douban.com/subject/27038958/,7,"剧情,动画",4,,,2020-12-05 00:03:14,
2621866799,凡人修仙传,,https://img9.doubanio.com/view/photo/m_ratio_poster/public/p2610801866.jpg,2020-07-25(中国大陆),https://movie.douban.com/subject/34925294/,7.9,"动画,奇幻,武侠",4,,,2020-11-29 14:01:43,
2606115871,姜子牙,,https://img1.doubanio.com/view/photo/m_ratio_poster/public/p2621219978.jpg,2020-10-01(中国大陆),https://movie.douban.com/subject/25907124/,6.6,"剧情,动画,奇幻",3,,,2020-11-19 22:24:19,
2599463876,一点就到家,,https://img2.doubanio.com/view/photo/m_ratio_poster/public/p2621101922.jpg,2020-10-04(中国大陆),https://movie.douban.com/subject/35069506/,6.5,"剧情,喜剧",3,,,2020-11-14 15:47:14,
2593618197,粉红豹,,https://img9.doubanio.com/view/photo/m_ratio_poster/public/p1077616276.jpg,2006-02-10(美国),https://movie.douban.com/subject/1309047/,7.4,"喜剧,悬疑,犯罪",4,,,2020-11-09 00:05:46,
2590943683,穿书自救指南 第一季,,https://img9.doubanio.com/view/photo/m_ratio_poster/public/p2620570336.jpg,2020-09-10(中国大陆),https://movie.douban.com/subject/27015853/,7.3,"动画,同性,奇幻",3,,,2020-11-06 21:33:27,
2570088942,忧郁的物怪庵 续,,https://img2.doubanio.com/view/photo/m_ratio_poster/public/p2551145802.jpg,2019-01-05(日本),https://movie.douban.com/subject/30255206/,7.9,"动画,奇幻",3,,,2020-10-18 15:51:47,
2570088787,忧郁的物怪庵,,https://img1.doubanio.com/view/photo/m_ratio_poster/public/p2412719299.jpg,2016-06-28(日本),https://movie.douban.com/subject/26742718/,7.7,动画,4,,,2020-10-18 15:51:40,
2569755568,妖怪公寓的幽雅日常,,https://img2.doubanio.com/view/photo/m_ratio_poster/public/p2471635151.jpg,2017-07-03(日本),https://movie.douban.com/subject/27003233/,7.1,"动画,奇幻",4,,,2020-10-18 10:14:25,
2568255983,民调局异闻录,,https://img1.doubanio.com/view/photo/m_ratio_poster/public/p2609798049.jpg,2020-08-07(中国大陆),https://movie.douban.com/subject/30234295/,6.9,"剧情,动画,悬疑",4,,,2020-10-16 23:02:55,
2568173288,鹿枫堂四色日和,,https://img2.doubanio.com/view/photo/m_ratio_poster/public/p2509042263.jpg,2018-04-10(日本),https://movie.douban.com/subject/27166457/,8.4,动画,5,,,2020-10-16 21:57:13,
2538042927,恐怖直播,,https://img9.doubanio.com/view/photo/m_ratio_poster/public/p2016930906.jpg,2013-07-31(韩国),https://movie.douban.com/subject/21360417/,8.7,"剧情,悬疑,犯罪",5,,,2020-10-11 23:21:05,
2561389288,降灵记,,https://img2.doubanio.com/view/photo/m_ratio_poster/public/p2458670032.jpg,2017-05-10(中国大陆),https://movie.douban.com/subject/27006163/,6.5,"动画,战争,奇幻",2,节奏太快，结局太乱…,,2020-10-10 20:15:28,
2538043589,我是谁：没有绝对安全的系统,,https://img9.doubanio.com/view/photo/m_ratio_poster/public/p2201518484.jpg,2014-09-25(德国),https://movie.douban.com/subject/25932086/,8.2,"悬疑,惊悚,犯罪",4,,,2020-10-08 17:57:07,
2557314985,哥布林杀手：哥布林的王冠,,https://img9.doubanio.com/view/photo/m_ratio_poster/public/p2592941455.jpg,2020-02-01(日本),https://movie.douban.com/subject/33371865/,6.8,动画,3,,,2020-10-07 16:06:24,
2557261701,倒置,,https://img1.doubanio.com/view/photo/m_ratio_poster/public/p2561931150.jpg,,https://movie.douban.com/subject/34460350/,8,动画,4,,,2020-10-07 15:19:51,
2556597146,在地下城寻求邂逅是否搞错了什么：俄里翁之箭,,https://img9.doubanio.com/view/photo/m_ratio_poster/public/p2547473975.jpg,2019-02-15(日本),https://movie.douban.com/subject/30150635/,6.9,动画,3,,,2020-10-06 23:30:29,
2556120555,高校之神,,https://img1.doubanio.com/view/photo/m_ratio_poster/public/p2612647597.jpg,2020-07-06(日本),https://movie.douban.com/subject/34984156/,7.2,"动作,动画",4,,,2020-10-06 17:41:33,
2537893460,四个春天,,https://img1.doubanio.com/view/photo/m_ratio_poster/public/p2540578887.jpg,2019-01-04(中国大陆),https://movie.douban.com/subject/27191492/,8.8,"纪录片,家庭",5,,,2020-10-04 18:55:04,
2538045463,全民目击,,https://img1.doubanio.com/view/photo/m_ratio_poster/public/p2091289138.jpg,2013-09-13(中国大陆),https://movie.douban.com/subject/11510624/,7.8,"剧情,悬疑,犯罪",4,,,2020-10-04 11:05:50,
2538065067,师父,,https://img1.doubanio.com/view/photo/m_ratio_poster/public/p2554541437.jpg,2015-12-10(中国大陆),https://movie.douban.com/subject/25919910/,8.2,"剧情,动作,武侠",4,,,2020-10-04 00:14:49,
2552314140,元龙 第一季,,https://img9.doubanio.com/view/photo/m_ratio_poster/public/p2615216715.jpg,2020-07-11(中国大陆),https://movie.douban.com/subject/30409802/,6.7,动画,3,,,2020-10-03 20:02:38,
2537966876,银仙,,https://img1.doubanio.com/view/photo/m_ratio_poster/public/p2195685400.jpg,2014-10-05(日本),https://movie.douban.com/subject/25849496/,8.1,动画,4,,,2020-09-29 22:23:21,
2545785296,蛋炒饭,,https://img2.doubanio.com/view/photo/m_ratio_poster/public/p2173334511.jpg,2011-07-28(中国大陆),https://movie.douban.com/subject/6083109/,7,"剧情,喜剧",3,,,2020-09-27 23:21:16,
2545607690,摩登年代,,https://img2.doubanio.com/view/photo/m_ratio_poster/public/p2091618013.jpg,2013-08-23(中国大陆),https://movie.douban.com/subject/23856234/,5.7,"剧情,喜剧",2,,,2020-09-27 20:51:38,
2545045270,刀剑神域 爱丽丝篇 异界战争 最终季,,https://img1.doubanio.com/view/photo/m_ratio_poster/public/p2580862668.jpg,2020-07-11(日本),https://movie.douban.com/subject/34943576/,5.2,"动画,奇幻,冒险",3,,,2020-09-27 10:17:25,
2544886896,沉默的真相,,https://img2.doubanio.com/view/photo/m_ratio_poster/public/p2620780603.jpg,2020-09-16(中国大陆),https://movie.douban.com/subject/33447642/,9,"剧情,悬疑,犯罪",5,,,2020-09-27 02:38:12,
2543650797,脱口秀大会 第三季,,https://img2.doubanio.com/view/photo/m_ratio_poster/public/p2613921861.jpg,2020-07-22(中国大陆),https://movie.douban.com/subject/34840339/,7.9,脱口秀,4,,,2020-09-26 00:29:54,
2538009337,滚蛋吧！肿瘤君,,https://img2.doubanio.com/view/photo/m_ratio_poster/public/p2259298553.jpg,2015-08-13(中国大陆),https://movie.douban.com/subject/26289144/,7.4,"喜剧,爱情",4,,,2020-09-22 00:46:35,
2014564699,大佛普拉斯,,https://img2.doubanio.com/view/photo/m_ratio_poster/public/p2505928032.jpg,2017-10-13(中国台湾),https://movie.douban.com/subject/27059130/,8.7,"剧情,喜剧",5,,,2020-09-20 23:28:41,
2537911356,星运里的错,,https://img1.doubanio.com/view/photo/m_ratio_poster/public/p2197680919.jpg,2014-06-06(美国),https://movie.douban.com/subject/22733673/,7.9,"剧情,爱情",5,,,2020-09-20 14:13:46,
2530157393,妙先生,,https://img9.doubanio.com/view/photo/m_ratio_poster/public/p2614234255.jpg,2020-07-31(中国大陆),https://movie.douban.com/subject/34888476/,6.2,"动画,奇幻,冒险",3,,,2020-09-13 13:58:31,
2527148097,以家人之名,,https://img1.doubanio.com/view/photo/m_ratio_poster/public/p2616778459.jpg,2020-08-10(中国大陆),https://movie.douban.com/subject/34463476/,6.7,"剧情,家庭",4,,,2020-09-11 02:12:36,
2521480424,画江湖之杯莫停,,https://img1.doubanio.com/view/photo/m_ratio_poster/public/p2401497410.jpg,2016-12-07(中国大陆),https://movie.douban.com/subject/26827863/,6.1,"剧情,动作,动画",2,,,2020-09-06 15:27:50,
2520822435,若能与你共乘海浪之上,,https://img9.doubanio.com/view/photo/m_ratio_poster/public/p2574029074.jpg,2019-12-07(中国大陆),https://movie.douban.com/subject/30345226/,7,"爱情,动画,奇幻",2,,,2020-09-06 01:02:06,
2510883443,摩天大楼,,https://img2.doubanio.com/view/photo/m_ratio_poster/public/p2617261901.jpg,2020-08-19(中国大陆),https://movie.douban.com/subject/33393274/,7.9,"悬疑,犯罪",4,,,2020-08-29 08:51:42,
2510475294,八佰,,https://img9.doubanio.com/view/photo/m_ratio_poster/public/p2615992304.jpg,2020-08-21(中国大陆),https://movie.douban.com/subject/26754233/,7.5,"剧情,历史,战争",4,,,2020-08-28 22:21:19,
2487154653,雾山五行,,https://img1.doubanio.com/view/photo/m_ratio_poster/public/p2615404769.jpg,2020-07-26(中国大陆),https://movie.douban.com/subject/30395914/,8.8,"动作,动画,奇幻",4,,,2020-08-12 00:33:55,
2462702124,天气之子,,https://img9.doubanio.com/view/photo/m_ratio_poster/public/p2558022335.jpg,2019-11-01(中国大陆),https://movie.douban.com/subject/30402296/,7,"爱情,动画,奇幻",3,,,2020-07-22 01:24:52,
2460157558,未知电视剧,,https://img2.doubanio.com/f/frodo/568eb8fac54d39fe599b0de8c3f2aee1dbc43cf0/pics/subject/tv_large.jpg,,https://movie.douban.com/subject/30377019/,0,,3,,,2020-07-19 23:17:21,
2457331241,社长，战斗的时间到了！,,https://img9.doubanio.com/view/photo/m_ratio_poster/public/p2587947855.jpg,2020-04-05(日本),https://movie.douban.com/subject/34926286/,4.3,动画,3,,,2020-07-17 22:17:41,
2452698593,异度侵入,,https://img1.doubanio.com/view/photo/m_ratio_poster/public/p2584476257.jpg,2020-01-06(日本),https://movie.douban.com/subject/34456027/,9,"科幻,动画",5,,,2020-07-14 00:57:25,
2443903126,八男？别闹了！,,https://img2.doubanio.com/view/photo/m_ratio_poster/public/p2561728381.jpg,2020-04-02(日本),https://movie.douban.com/subject/30408609/,5.2,动画,3,,,2020-07-06 07:46:47,
2443901190,百妖谱 第一季,,https://img1.doubanio.com/view/photo/m_ratio_poster/public/p2602726278.jpg,2020-04-25(中国大陆),https://movie.douban.com/subject/30409801/,7.8,"动画,奇幻",5,,,2020-07-06 07:41:13,
2426875293,转生成为了只有乙女游戏破灭Flag的邪恶大小姐,,https://img2.doubanio.com/view/photo/m_ratio_poster/public/p2590345102.jpg,2020-04-04(日本),https://movie.douban.com/subject/30358101/,7.9,"喜剧,动画,奇幻",3,,,2020-06-21 21:49:45,
2420553395,风味人间 第二季,,https://img2.doubanio.com/view/photo/m_ratio_poster/public/p2596089823.jpg,2020-04-26(中国大陆),https://movie.douban.com/subject/35014718/,9,纪录片,4,,,2020-06-15 23:52:33,
2417917742,名侦探柯南：漆黑的追踪者,,https://img1.doubanio.com/view/photo/m_ratio_poster/public/p453744999.jpg,2010-01-14(中国大陆),https://movie.douban.com/subject/3387546/,7.6,"动画,悬疑",4,,,2020-06-13 15:51:11,
2415284331,古董局中局Ⅱ：鉴墨寻瓷,,https://img1.doubanio.com/view/photo/m_ratio_poster/public/p2600101327.jpg,2020-05-10(中国大陆),https://movie.douban.com/subject/26873817/,7,"剧情,悬疑,犯罪",3,,,2020-06-11 00:12:47,
2412209089,名侦探柯南：战栗的乐谱,,https://img1.doubanio.com/view/photo/m_ratio_poster/public/p453739518.jpg,2008-04-19,https://movie.douban.com/subject/2357719/,7.3,"动画,悬疑",5,,,2020-06-08 02:51:48,
2412209025,名侦探柯南：绀碧之棺,,https://img1.doubanio.com/view/photo/m_ratio_poster/public/p2528437799.jpg,2007-04-21,https://movie.douban.com/subject/2357717/,6.8,"剧情,动画,悬疑",4,,,2020-06-08 02:51:37,
2411888450,名侦探柯南：侦探们的镇魂歌,,https://img9.doubanio.com/view/photo/m_ratio_poster/public/p2249750926.jpg,2006-04-15(日本),https://movie.douban.com/subject/1827955/,7.9,"动画,悬疑",5,,,2020-06-07 21:45:51,
2411888182,名侦探柯南：水平线上的阴谋,,https://img1.doubanio.com/view/photo/m_ratio_poster/public/p1954012128.jpg,2005-04-09,https://movie.douban.com/subject/2357713/,7.8,"动画,悬疑",5,,,2020-06-07 21:45:38,
2411887904,名侦探柯南：银翼的魔术师,,https://img2.doubanio.com/view/photo/m_ratio_poster/public/p1954029893.jpg,2004-04-17,https://movie.douban.com/subject/2357711/,8.1,"动画,悬疑",5,,,2020-06-07 21:45:23,
2411887079,名侦探柯南：迷宫的十字路口,,https://img9.doubanio.com/view/photo/m_ratio_poster/public/p453732935.jpg,2003-04-19,https://movie.douban.com/subject/2357707/,8.5,"动画,悬疑,冒险",5,,,2020-06-07 21:44:41,
2404084150,名侦探柯南：贝克街的亡灵,,https://img1.doubanio.com/view/photo/m_ratio_poster/public/p453731188.jpg,2002-04-20(日本),https://movie.douban.com/subject/2286642/,9.1,"动画,悬疑,冒险",5,,,2020-05-31 18:28:20,
2404084077,名侦探柯南：瞳孔中的暗杀者,,https://img9.doubanio.com/view/photo/m_ratio_poster/public/p453729514.jpg,2000-04-22(日本),https://movie.douban.com/subject/2357701/,8.4,"剧情,动画,悬疑",4,,,2020-05-31 18:28:15,
2404083836,名侦探柯南：通向天国的倒计时,,https://img1.doubanio.com/view/photo/m_ratio_poster/public/p453730108.jpg,2001-04-21(日本),https://movie.douban.com/subject/2357703/,8.7,"动作,动画,悬疑",5,,,2020-05-31 18:28:00,
2397529621,择天记 第五季,,https://img2.doubanio.com/view/photo/m_ratio_poster/public/p2581085701.jpg,2020-03-16(中国大陆),https://movie.douban.com/subject/34950931/,7.2,动画,5,,,2020-05-25 23:43:43,
2396368413,名侦探柯南：世纪末的魔术师,,https://img9.doubanio.com/view/photo/m_ratio_poster/public/p453729256.jpg,1999-04-17(日本),https://movie.douban.com/subject/2279152/,8.6,"喜剧,动画,悬疑",5,,,2020-05-24 23:45:14,
2396368135,名侦探柯南：第十四个目标,,https://img2.doubanio.com/view/photo/m_ratio_poster/public/p1954017381.jpg,1998-04-18(日本),https://movie.douban.com/subject/2357699/,8.1,"动画,悬疑",4,,,2020-05-24 23:45:03,
2396367883,名侦探柯南：引爆摩天楼,,https://img2.doubanio.com/view/photo/m_ratio_poster/public/p453728121.jpg,1997-04-19(日本),https://movie.douban.com/subject/1439579/,8.5,"动画,悬疑,冒险",4,,,2020-05-24 23:44:52,
2395569487,爱情鸟的自救,,https://img1.doubanio.com/view/photo/m_ratio_poster/public/p2581065467.jpg,2020-05-22(美国),https://movie.douban.com/subject/30435840/,5.9,"喜剧,犯罪",2,,,2020-05-24 12:36:59,
2372654578,利刃出鞘,,https://img1.doubanio.com/view/photo/m_ratio_poster/public/p2574172427.jpg,2019-11-29(中国大陆),https://movie.douban.com/subject/30318116/,8.1,"剧情,喜剧,悬疑",4,,,2020-05-05 17:46:50,
2368483834,龙岭迷窟,,https://img1.doubanio.com/view/photo/m_ratio_poster/public/p2593664928.jpg,2020-04-01(中国大陆),https://movie.douban.com/subject/30488569/,8.1,"剧情,动作,冒险",3,,,2020-05-02 17:57:15,
2350673858,星游记之风暴法米拉2,,https://img2.doubanio.com/view/photo/m_ratio_poster/public/p2591947273.jpg,2020-03-28(中国大陆),https://movie.douban.com/subject/27599401/,6.7,"动画,奇幻,冒险",4,,,2020-04-20 00:18:41,
2339768519,游戏人生 零,,https://img9.doubanio.com/view/photo/m_ratio_poster/public/p2561782374.jpg,2019-07-19(中国大陆),https://movie.douban.com/subject/26837952/,7.7,"爱情,动画,奇幻",4,,,2020-04-13 01:59:11,
2329815373,邻居大战2：姐妹会崛起,,https://img1.doubanio.com/view/photo/m_ratio_poster/public/p2331062847.jpg,2016-05-20(美国),https://movie.douban.com/subject/26322972/,5.4,喜剧,3,,,2020-04-07 00:31:59,
2328973318,邻居大战,,https://img1.doubanio.com/view/photo/m_ratio_poster/public/p2177926729.jpg,2014-05-09(美国),https://movie.douban.com/subject/6875277/,6.2,喜剧,3,,,2020-04-06 17:13:12,
2328014755,马戏之王,,https://img2.doubanio.com/view/photo/m_ratio_poster/public/p2511346392.jpg,2018-02-01(中国大陆),https://movie.douban.com/subject/3914513/,7.7,"剧情,歌舞,传记",4,,,2020-04-06 01:29:51,
2327887092,重返十七岁,,https://img1.doubanio.com/view/photo/m_ratio_poster/public/p477810397.jpg,2009-04-17(美国),https://movie.douban.com/subject/2213591/,7.4,"剧情,喜剧,爱情",3,,,2020-04-06 00:15:54,
2327334708,无限系统树,,https://img1.doubanio.com/view/photo/m_ratio_poster/public/p2546321469.jpg,2020-01-09(日本),https://movie.douban.com/subject/30443198/,5.5,动画,3,,,2020-04-05 20:03:28,
2312073506,仙王的日常生活,,https://img1.doubanio.com/view/photo/m_ratio_poster/public/p2547925947.jpg,2020-01-18(中国大陆),https://movie.douban.com/subject/30409803/,5.4,动画,4,,,2020-03-28 13:16:10,
2307664346,因为太怕痛就全点防御力了,,https://img1.doubanio.com/view/photo/m_ratio_poster/public/p2542681647.jpg,2020-01-08(日本),https://movie.douban.com/subject/30397673/,7.5,"喜剧,动画",3,,,2020-03-25 23:12:04,
2305535431,大赢家,,https://img2.doubanio.com/view/photo/m_ratio_poster/public/p2591946932.jpg,2020-03-20(中国大陆网络),https://movie.douban.com/subject/34670218/,6.7,喜剧,4,,,2020-03-24 20:32:27,
2289626549,地心游记,,https://img1.doubanio.com/view/photo/m_ratio_poster/public/p2867171447.jpg,1999-09-14(美国),https://movie.douban.com/subject/1908242/,6.5,"科幻,奇幻,冒险",4,找了十几年的版本总算找到了正确的版本了,,2020-03-16 12:58:09,
2288005001,城市猎人,,https://img2.doubanio.com/view/photo/m_ratio_poster/public/p2557560791.jpg,1993-01-16(中国香港),https://movie.douban.com/subject/1295064/,7.7,"喜剧,动作,爱情",4,,,2020-03-15 18:42:36,
2161237789,宠爱,,https://img2.doubanio.com/view/photo/m_ratio_poster/public/p2577327922.jpg,2019-12-31(中国大陆),https://movie.douban.com/subject/33417046/,5.9,"剧情,喜剧,爱情",2,,,2020-01-30 20:39:20,
2156846228,半个喜剧,,https://img9.doubanio.com/view/photo/m_ratio_poster/public/p2576482356.jpg,2019-12-20(中国大陆),https://movie.douban.com/subject/30269016/,7.3,"喜剧,爱情",3,,,2020-01-29 00:51:42,
2154392934,只有芸知道,,https://img1.doubanio.com/view/photo/m_ratio_poster/public/p2574861328.jpg,2019-12-20(中国大陆),https://movie.douban.com/subject/33436135/,6.3,"剧情,爱情",3,,,2020-01-28 00:23:37,
2150001693,囧妈,,https://img2.doubanio.com/view/photo/m_ratio_poster/public/p2581835383.jpg,2020-01-25(中国大陆网络),https://movie.douban.com/subject/30306570/,5.9,喜剧,4,感觉就是在说自己,,2020-01-25 21:20:50,
2135937461,梦想改造家 第一季,,https://img1.doubanio.com/view/photo/m_ratio_poster/public/p2261392790.jpg,2014-07-30(中国大陆),https://movie.douban.com/subject/25942176/,9.1,真人秀,5,,,2020-01-14 23:44:11,
2134236929,庆余年 第一季,,https://img1.doubanio.com/view/photo/m_ratio_poster/public/p2575362797.jpg,2019-11-26(中国大陆),https://movie.douban.com/subject/25853071/,7.9,"剧情,古装",3,,,2020-01-13 21:37:56,
2132955003,梦想改造家 第三季,,https://img2.doubanio.com/view/photo/m_ratio_poster/public/p2377880111.jpg,2016-08-30(中国大陆),https://movie.douban.com/subject/26865382/,9.2,真人秀,5,,,2020-01-12 23:00:47,
2129957531,梦想改造家 第六季,,https://img2.doubanio.com/view/photo/m_ratio_poster/public/p2576874673.jpg,2019-09-04(中国大陆),https://movie.douban.com/subject/34801984/,8.7,真人秀,5,,,2020-01-11 01:42:12,
2119594940,Re：从零开始的异世界生活 雪之回忆,,https://img9.doubanio.com/view/photo/m_ratio_poster/public/p2515741354.jpg,2018-10-06(日本),https://movie.douban.com/subject/27140066/,8.1,"动画,奇幻",3,,,2020-01-04 17:35:31,
2116678377,伍六七之最强发型师,,https://img9.doubanio.com/view/photo/m_ratio_poster/public/p2571634144.jpg,2019-10-23(中国大陆),https://movie.douban.com/subject/30371751/,9.1,动画,5,,,2020-01-02 23:34:08,
2109529127,炎炎消防队,,https://img9.doubanio.com/view/photo/m_ratio_poster/public/p2554344995.jpg,2019-07-05(日本),https://movie.douban.com/subject/30377497/,7.6,"剧情,动画,奇幻",4,,,2019-12-29 22:29:19,
2107905746,厨神小当家 第一季,,https://img9.doubanio.com/view/photo/m_ratio_poster/public/p2554618756.jpg,2019-10-12(中国大陆),https://movie.douban.com/subject/30453093/,4.6,"剧情,动画",2,,,2019-12-29 09:21:40,
2107800364,刀剑神域 爱丽丝篇 异界战争,,https://img1.doubanio.com/view/photo/m_ratio_poster/public/p2563332180.jpg,2019-10-12(日本),https://movie.douban.com/subject/33218388/,7.7,"动画,冒险",5,,,2019-12-29 07:35:44,
2107331727,食戟之灵 神之皿,,https://img9.doubanio.com/view/photo/m_ratio_poster/public/p2567643256.jpg,2019-10-11(日本),https://movie.douban.com/subject/34432283/,7.7,"剧情,动画",3,,,2019-12-29 00:03:19,
2107192992,厨病激发BOY,,https://img2.doubanio.com/view/photo/m_ratio_poster/public/p2563566342.jpg,2019-10-04(日本),https://movie.douban.com/subject/30337094/,7.4,"喜剧,动画",4,,,2019-12-28 23:26:08,
2106953390,这个勇者明明超强却过分慎重,,https://img9.doubanio.com/view/photo/m_ratio_poster/public/p2570150836.jpg,2019-10-02(日本),https://movie.douban.com/subject/30372448/,8.2,"动画,奇幻,冒险",4,,,2019-12-28 22:19:29,
2100476141,我不是说了能力要平均值么！,,https://img9.doubanio.com/view/photo/m_ratio_poster/public/p2571613045.jpg,2019-10-07(日本),https://movie.douban.com/subject/30157137/,6.5,"动画,奇幻",3,,,2019-12-24 23:24:07,
2085788280,石纪元,,https://img1.doubanio.com/view/photo/m_ratio_poster/public/p2551935147.jpg,2019-07-05(日本),https://movie.douban.com/subject/30377498/,8.6,动画,3,,,2019-12-16 00:31:01,
2071521461,从前有座灵剑山,,https://img2.doubanio.com/view/photo/m_ratio_poster/public/p2574861321.jpg,2019-11-12(中国大陆),https://movie.douban.com/subject/26877434/,6.9,喜剧,2,,,2019-12-05 23:17:08,
2064965421,一条狗的使命2,,https://img1.doubanio.com/view/photo/m_ratio_poster/public/p2555859678.jpg,2019-05-17(中国大陆),https://movie.douban.com/subject/27074316/,6.9,"剧情,喜剧,家庭",,,,2019-12-01 10:54:43,
2057902805,神兽麻将馆,,https://img1.doubanio.com/view/photo/m_ratio_poster/public/p2449281129.jpg,2017-03-22(中国大陆),https://movie.douban.com/subject/26835004/,,"喜剧,爱情,奇幻",2,,,2019-11-27 00:16:02,
2045361394,青春期猪头少年不做怀梦少女的梦,,https://img1.doubanio.com/view/photo/m_ratio_poster/public/p2597748379.jpg,2019-06-15(日本),https://movie.douban.com/subject/30329902/,8.7,"剧情,爱情,动画",5,,,2019-11-17 22:17:29,
2042547143,死神,,https://img1.doubanio.com/view/photo/m_ratio_poster/public/p2311699929.jpg,2004-10-05(日本),https://movie.douban.com/subject/1460932/,8.4,"动作,动画,惊悚",3,,,2019-11-16 03:13:18,
2037167531,决战中途岛,,https://img9.doubanio.com/view/photo/m_ratio_poster/public/p2558678036.jpg,2019-11-08(中国大陆),https://movie.douban.com/subject/26786669/,7.5,"剧情,历史,战争",3,,,2019-11-11 22:44:32,
2035715992,火海营救,,https://img9.doubanio.com/view/photo/m_ratio_poster/public/p2573395845.jpg,2019-11-09(中国大陆),https://movie.douban.com/subject/34879159/,,"剧情,动作",3,,,2019-11-10 16:06:31,
2025063202,名侦探柯南：绀青之拳,,https://img2.doubanio.com/view/photo/m_ratio_poster/public/p2566225091.jpg,2019-09-13(中国大陆),https://movie.douban.com/subject/30208010/,5.8,"动画,悬疑",4,,,2019-11-02 15:31:24,
2017316732,仙球大战,,https://img9.doubanio.com/view/photo/m_ratio_poster/public/p2461836504.jpg,2017-06-30(中国大陆),https://movie.douban.com/subject/25863024/,2.4,喜剧,2,,,2019-10-27 20:15:02,
2016747612,烈火英雄,,https://img2.doubanio.com/view/photo/m_ratio_poster/public/p2563630521.jpg,2019-08-01(中国大陆),https://movie.douban.com/subject/30221757/,6.4,"剧情,灾难",4,,,2019-10-27 14:14:58,
2016047840,诛仙1,,https://img9.doubanio.com/view/photo/m_ratio_poster/public/p2567346094.jpg,2019-09-13(中国大陆),https://movie.douban.com/subject/25779217/,4.5,"爱情,奇幻,古装",1,,,2019-10-27 00:55:49,
2015644264,少年的你,,https://img2.doubanio.com/view/photo/m_ratio_poster/public/p2572166063.jpg,2019-10-25(中国大陆),https://movie.douban.com/subject/30166972/,8.2,"剧情,爱情,犯罪",5,,,2019-10-26 22:02:49,
2007653216,东游,,https://img1.doubanio.com/view/photo/m_ratio_poster/public/p2571655047.jpg,2019-10-17(中国大陆),https://movie.douban.com/subject/33447654/,4.2,"奇幻,古装",1,,,2019-10-21 00:10:35,
2007344630,航海王：狂热行动,,https://img2.doubanio.com/view/photo/m_ratio_poster/public/p2570039912.jpg,2019-10-18(中国大陆),https://movie.douban.com/subject/30329892/,7.5,"动画,冒险",4,,,2019-10-20 21:11:43,
2006638710,龙牌之谜,,https://img9.doubanio.com/view/photo/m_ratio_poster/public/p2563494916.jpg,2019-08-16(中国大陆),https://movie.douban.com/subject/26367602/,3.6,"动作,奇幻,冒险",1,,,2019-10-20 12:27:47,
2006453989,行游记,,https://img9.doubanio.com/view/photo/m_ratio_poster/public/p2569195746.jpg,2019-09-16(中国大陆),https://movie.douban.com/subject/34822354/,,"动画,儿童",3,,,2019-10-20 10:01:53,
2005446137,全职高手之巅峰荣耀,,https://img1.doubanio.com/view/photo/m_ratio_poster/public/p2564508538.jpg,2019-08-16(中国大陆),https://movie.douban.com/subject/27145041/,5.5,"剧情,动画",4,,,2019-10-19 17:21:52,
2004594128,罗小黑战记,,https://img9.doubanio.com/view/photo/m_ratio_poster/public/p2568288336.jpg,2019-09-07(中国大陆),https://movie.douban.com/subject/26709258/,8,"动作,动画,奇幻",5,,,2019-10-19 00:02:06,
1996462261,中国机长,,https://img2.doubanio.com/view/photo/m_ratio_poster/public/p2568258113.jpg,2019-09-30(中国大陆),https://movie.douban.com/subject/30295905/,6.6,"剧情,传记,灾难",4,,,2019-10-12 22:41:07,
1995227030,哪吒之魔童降世,,https://img9.doubanio.com/view/photo/m_ratio_poster/public/p2563780504.jpg,2019-07-26(中国大陆),https://movie.douban.com/subject/26794435/,8.4,"剧情,喜剧,动画",4,,,2019-10-12 01:29:25,
1989593800,中国好声音2019,,https://img2.doubanio.com/view/photo/m_ratio_poster/public/p2563645731.jpg,2019-07-19(中国大陆),https://movie.douban.com/subject/33383793/,4.5,真人秀,3,,,2019-10-08 00:32:15,
1989226795,太后吉祥,,https://img9.doubanio.com/view/photo/m_ratio_poster/public/p2496978785.jpg,1996,https://movie.douban.com/subject/1437847/,7.1,喜剧,4,,,2019-10-07 21:41:17,
1987665801,鼠胆英雄,,https://img2.doubanio.com/view/photo/m_ratio_poster/public/p2564458983.jpg,2019-08-02(中国大陆),https://movie.douban.com/subject/27073057/,5.2,喜剧,3,,,2019-10-07 00:15:15,
1985981366,爱情万岁,,https://img2.doubanio.com/view/photo/m_ratio_poster/public/p2868503722.jpg,1994-09-02(中国台湾),https://movie.douban.com/subject/1296370/,8,"剧情,同性",3,,,2019-10-06 06:00:06,
1982783407,银河补习班,,https://img1.doubanio.com/view/photo/m_ratio_poster/public/p2561542089.jpg,2019-07-18(中国大陆),https://movie.douban.com/subject/30282387/,6.2,剧情,3,,,2019-10-04 14:28:16,
1982593554,网络谜踪,,https://img1.doubanio.com/view/photo/m_ratio_poster/public/p2542848758.jpg,2018-12-14(中国大陆),https://movie.douban.com/subject/27615441/,8.5,"剧情,悬疑,惊悚",4,,,2019-10-04 12:20:41,
1982440897,越堕落越英雄,,https://img1.doubanio.com/view/photo/m_ratio_poster/public/p2555328390.jpg,1998-08-01(中国香港),https://movie.douban.com/subject/1308114/,7.2,"剧情,动作,同性",3,,,2019-10-04 10:24:37,
1978765921,大侦探皮卡丘,,https://img1.doubanio.com/view/photo/m_ratio_poster/public/p2555538168.jpg,2019-05-10(中国大陆),https://movie.douban.com/subject/26835471/,6.4,"喜剧,动画,奇幻",3,,,2019-10-02 07:18:27,
1975278381,妖精的尾巴,,https://img2.doubanio.com/view/photo/m_ratio_poster/public/p2097025891.jpg,2009-10-12(日本),https://movie.douban.com/subject/4006470/,8.5,动画,5,,,2019-09-29 23:49:27,
1975204024,在地下城寻求邂逅是否搞错了什么 第二季,,https://img9.doubanio.com/view/photo/m_ratio_poster/public/p2558922894.jpg,2019-07-12(日本),https://movie.douban.com/subject/30150634/,7.4,"动画,奇幻,冒险",3,,,2019-09-29 23:06:42,
1975189579,鬼灭之刃,,https://img1.doubanio.com/view/photo/m_ratio_poster/public/p2551222097.jpg,2019-04-06(日本),https://movie.douban.com/subject/30210221/,9.1,"动画,奇幻",4,,,2019-09-29 22:57:59,
1975146415,君主·埃尔梅罗二世事件簿 魔眼收集列车 Grace note,,https://img2.doubanio.com/view/photo/m_ratio_poster/public/p2564632861.jpg,2019-01-01(第0话),https://movie.douban.com/subject/30412082/,7.6,"动画,奇幻",4,,,2019-09-29 22:31:46,
1974905083,一爱到底,,https://img2.doubanio.com/view/photo/m_ratio_poster/public/p1526112203.jpg,2002-07-26,https://movie.douban.com/subject/1306452/,7,"喜剧,爱情,同性",3,,,2019-09-29 19:36:07,
1973314641,王的男人,,https://img2.doubanio.com/view/photo/m_ratio_poster/public/p454364823.jpg,2005-12-29(韩国),https://movie.douban.com/subject/1466394/,7.1,"剧情,同性,历史",4,,,2019-09-28 18:18:51,
1972996823,基佬四十,,https://img2.doubanio.com/view/photo/m_ratio_poster/public/p2240454172.jpg,1997-01-16(香港),https://movie.douban.com/subject/1302926/,7.7,"喜剧,同性",4,,,2019-09-28 14:16:43,
1951161652,异常生物见闻录,,https://img2.doubanio.com/view/photo/m_ratio_poster/public/p2560687342.jpg,2019-06-28(中国大陆),https://movie.douban.com/subject/30409795/,5,动画,4,,,2019-09-13 17:51:08,
1946311238,罗小黑战记,,https://img9.doubanio.com/view/photo/m_ratio_poster/public/p2496903956.jpg,2011-03-18(中国大陆),https://movie.douban.com/subject/10477598/,9.6,"剧情,喜剧,动作",5,,,2019-09-09 23:30:07,
1945008174,上海堡垒,,https://img9.doubanio.com/view/photo/m_ratio_poster/public/p2564170314.jpg,2019-08-09(中国大陆),https://movie.douban.com/subject/26581837/,2.9,"爱情,科幻,战争",1,,,2019-09-08 22:38:35,
1944187636,李白之天火燎原,,https://img9.doubanio.com/view/photo/m_ratio_poster/public/p2568021986.jpg,2019-09-06(中国大陆),https://movie.douban.com/subject/30352313/,3.6,"动作,奇幻,武侠",1,,,2019-09-08 12:13:08,
1933900211,魔道祖师 第二季,,https://img1.doubanio.com/view/photo/m_ratio_poster/public/p2566791848.jpg,2019-08-03(中国大陆),https://movie.douban.com/subject/30345939/,8.8,"动画,同性,奇幻",4,,,2019-08-31 16:33:29,
1933392373,全职高手,,https://img1.doubanio.com/view/photo/m_ratio_poster/public/p2563437048.jpg,2019-07-24(中国大陆),https://movie.douban.com/subject/26660368/,7.3,剧情,4,,,2019-08-31 09:15:26,
1925404385,我的英雄学院 第3季,,https://img1.doubanio.com/view/photo/m_ratio_poster/public/p2534074859.jpg,2018-04-07(日本),https://movie.douban.com/subject/27160633/,8.2,"动作,动画",4,,,2019-08-25 19:49:14,
1924943644,我的英雄学院 第2季,,https://img1.doubanio.com/view/photo/m_ratio_poster/public/p2441371977.jpg,2017-03-25(日本),https://movie.douban.com/subject/26827706/,8.3,"剧情,动作,动画",4,,,2019-08-25 14:44:15,
1924943244,我的英雄学院,,https://img2.doubanio.com/view/photo/m_ratio_poster/public/p2327887133.jpg,2016-04-03(日本),https://movie.douban.com/subject/26653375/,7.8,"剧情,动作,动画",5,,,2019-08-25 14:44:00,
1923111390,万界神主,,https://img9.doubanio.com/view/photo/m_ratio_poster/public/p2546852866.jpg,2019-02-06(中国大陆),https://movie.douban.com/subject/30449551/,5.3,动画,4,,,2019-08-24 11:44:50,
1921183197,将夜,,https://img2.doubanio.com/view/photo/m_ratio_poster/public/p2538863432.jpg,2018-10-31(中国大陆),https://movie.douban.com/subject/26848645/,7.4,"剧情,奇幻",3,,,2019-08-23 00:11:14,
1889547901,未来机器城,,https://img9.doubanio.com/view/photo/m_ratio_poster/public/p2561782665.jpg,2019-07-19(中国大陆),https://movie.douban.com/subject/27200988/,5.7,"科幻,动画,冒险",2,,,2019-08-03 21:22:58,
1889423238,妖宴长安,,https://img9.doubanio.com/view/photo/m_ratio_poster/public/p2564393335.jpg,2019-08-03(中国大陆),https://movie.douban.com/subject/34779820/,,"喜剧,古装",,,,2019-08-03 20:04:54,
1880312587,JOJO的奇妙冒险 黄金之风,,https://img9.doubanio.com/view/photo/m_ratio_poster/public/p2536255775.jpg,2018-10-06(日本),https://movie.douban.com/subject/27666505/,9.5,"动画,奇幻,冒险",4,,,2019-07-28 23:47:41,
1869840034,企鹅公路,,https://img1.doubanio.com/view/photo/m_ratio_poster/public/p2555927320.jpg,2019-05-17(中国大陆),https://movie.douban.com/subject/30158971/,7.6,"动画,奇幻,冒险",3,,,2019-07-21 22:13:53,
1848365904,雷霆沙赞！,,https://img2.doubanio.com/view/photo/m_ratio_poster/public/p2551249211.jpg,2019-04-05(中国大陆),https://movie.douban.com/subject/2244426/,6.2,"动作,奇幻,冒险",3,,,2019-07-06 01:19:41,
1843263809,少年派,,https://img1.doubanio.com/view/photo/m_ratio_poster/public/p2558828119.jpg,2019-06-09(中国大陆),https://movie.douban.com/subject/27598254/,6.5,"剧情,爱情,家庭",3,,,2019-07-02 00:28:04,
1841779464,夏目友人帐,,https://img1.doubanio.com/view/photo/m_ratio_poster/public/p2546745948.jpg,2019-03-07(中国大陆),https://movie.douban.com/subject/27166442/,8,"剧情,动画,奇幻",4,,,2019-06-30 23:33:02,
1836759239,贤者之孙,,https://img1.doubanio.com/view/photo/m_ratio_poster/public/p2550210998.jpg,2019-04-10(日本),https://movie.douban.com/subject/27149559/,5.6,"动画,奇幻",3,,,2019-06-27 07:53:01,
1836759011,盾之勇者成名录,,https://img2.doubanio.com/view/photo/m_ratio_poster/public/p2542759062.jpg,2019-01-02(中国大陆),https://movie.douban.com/subject/27080653/,6,"动画,奇幻,冒险",4,,,2019-06-27 07:52:29,
1702414080,饮食男女,,https://img2.doubanio.com/view/photo/m_ratio_poster/public/p1910899751.jpg,1994-07-02(中国台湾),https://movie.douban.com/subject/1291818/,9.2,"剧情,家庭",4,,,2019-06-16 23:54:40,
1815652899,有毒,,https://img1.doubanio.com/view/photo/m_ratio_poster/public/p2878708488.jpg,2017-01-23(中国大陆),https://movie.douban.com/subject/26981703/,4.3,剧情,2,,,2019-06-09 00:43:09,
1814218129,追龙,,https://img9.doubanio.com/view/photo/m_ratio_poster/public/p2499052494.jpg,2017-09-30(中国大陆),https://movie.douban.com/subject/26425068/,7.2,"动作,犯罪",4,,,2019-06-07 23:48:25,
1814217600,追龙Ⅱ,,https://img1.doubanio.com/view/photo/m_ratio_poster/public/p2559100280.jpg,2019-06-06(中国大陆),https://movie.douban.com/subject/30175306/,5.4,"剧情,动作,犯罪",3,,,2019-06-07 23:48:07,
1811938934,灰与幻想的格林姆迦尔,,https://img1.doubanio.com/view/photo/m_ratio_poster/public/p2306712330.jpg,2016-01-10(日本),https://movie.douban.com/subject/26644116/,8.8,"动画,奇幻,冒险",4,,,2019-06-06 02:21:14,
1801848832,反贪风暴4,,https://img2.doubanio.com/view/photo/m_ratio_poster/public/p2551353482.jpg,2019-04-04(中国大陆),https://movie.douban.com/subject/27202819/,5.9,"动作,犯罪",3,,,2019-05-28 02:02:03,
1800629806,调音师,,https://img1.doubanio.com/view/photo/m_ratio_poster/public/p2551995207.jpg,2019-04-03(中国大陆),https://movie.douban.com/subject/30334073/,8.2,"喜剧,悬疑,惊悚",5,,,2019-05-27 00:13:24,
1790922691,海市蜃城,,https://img2.doubanio.com/view/photo/m_ratio_poster/public/p2555869301.jpg,2019-05-18(中国大陆),https://movie.douban.com/subject/33440011/,,"科幻,悬疑",1,,,2019-05-18 23:38:40,
1784354635,驯龙高手3,,https://img2.doubanio.com/view/photo/m_ratio_poster/public/p2546335362.jpg,2019-03-01(中国大陆),https://movie.douban.com/subject/19899707/,7.4,"动画,奇幻,冒险",3,,,2019-05-12 22:21:29,
1776133550,飞驰人生,,https://img2.doubanio.com/view/photo/m_ratio_poster/public/p2542973862.jpg,2019-02-05(中国大陆),https://movie.douban.com/subject/30163509/,6.9,喜剧,3,,,2019-05-05 00:11:33,
1765883198,复仇者联盟4：终局之战,,https://img9.doubanio.com/view/photo/m_ratio_poster/public/p2552058346.jpg,2019-04-24(中国大陆),https://movie.douban.com/subject/26100958/,8.5,"剧情,动作,科幻",4,,,2019-04-27 00:40:09,
1753129315,我想吃掉你的胰脏,,https://img9.doubanio.com/view/photo/m_ratio_poster/public/p2545571306.jpg,2019-01-18(中国大陆),https://movie.douban.com/subject/27107140/,6.9,"爱情,动画",4,,,2019-04-15 00:28:50,
1745248330,武动乾坤 第一季,,https://img2.doubanio.com/view/photo/m_ratio_poster/public/p2542292653.jpg,2019-01-27(中国大陆),https://movie.douban.com/subject/30223578/,6.6,"动画,奇幻,冒险",4,,,2019-04-08 01:04:02,
1743810796,萌妻食神 第一季,,https://img9.doubanio.com/view/photo/m_ratio_poster/public/p2541749476.jpg,2018-12-29(中国大陆),https://movie.douban.com/subject/30395527/,7.1,"爱情,动画,奇幻",4,大晚上硬生生看饿了,,2019-04-07 00:00:31,
1743364820,心慌方,,https://img2.doubanio.com/view/photo/m_ratio_poster/public/p2554538282.jpg,1997-09-09(多伦多电影节),https://movie.douban.com/subject/1305903/,7.9,"科幻,悬疑,惊悚",3,为啥最后警察来的时候他们没听到开门声...,,2019-04-06 19:08:41,
1743132252,这个男人来自地球,,https://img9.doubanio.com/view/photo/m_ratio_poster/public/p513303986.jpg,2007-11-13(美国),https://movie.douban.com/subject/2300586/,8.5,"剧情,科幻",4,,,2019-04-06 15:44:30,
1742219227,同居牢友,,https://img2.doubanio.com/view/photo/m_ratio_poster/public/p1751718842.jpg,2006-11-17,https://movie.douban.com/subject/1867389/,7.3,"喜剧,同性,犯罪",3,,,2019-04-05 22:06:08,
1740991375,新喜剧之王,,https://img1.doubanio.com/view/photo/m_ratio_poster/public/p2555440969.jpg,2019-02-05(中国大陆),https://movie.douban.com/subject/4840388/,5.7,"剧情,喜剧",3,,,2019-04-04 23:22:57,
1738761345,爱，死亡和机器人 第一季,,https://img1.doubanio.com/view/photo/m_ratio_poster/public/p2551717438.jpg,2019-03-15(美国),https://movie.douban.com/subject/30424374/,9.2,"喜剧,科幻,动画",3,,,2019-04-03 01:23:42,
1735066859,刀剑神域 爱丽丝篇,,https://img1.doubanio.com/view/photo/m_ratio_poster/public/p2527234628.jpg,2018-10-06(日本),https://movie.douban.com/subject/27144972/,7.3,"动画,奇幻,冒险",5,,,2019-03-31 01:10:45,
1729343626,都挺好,,https://img1.doubanio.com/view/photo/m_ratio_poster/public/p2549148229.jpg,2019-03-01(中国大陆),https://movie.douban.com/subject/27088993/,7.7,"剧情,家庭",4,艾玛…都挺好这结局也太社会主义核心价值观了吧,,2019-03-25 23:12:53,
1719612300,仙游记,,https://img9.doubanio.com/view/photo/m_ratio_poster/public/p2549553964.jpg,2019-03-15(中国大陆),https://movie.douban.com/subject/30477364/,,"喜剧,奇幻,古装",1,,,2019-03-17 17:25:33,
1711780369,神探蒲松龄,,https://img1.doubanio.com/view/photo/m_ratio_poster/public/p2545389067.jpg,2019-02-05(中国大陆),https://movie.douban.com/subject/27065898/,3.8,"喜剧,动作,奇幻",2,,,2019-03-11 00:29:37,
1707605120,海王,,https://img1.doubanio.com/view/photo/m_ratio_poster/public/p2541280047.jpg,2018-12-07(中国大陆),https://movie.douban.com/subject/3878007/,7.6,"动作,奇幻,冒险",3,,,2019-03-08 01:25:25,
1701903570,白蛇：缘起,,https://img9.doubanio.com/view/photo/m_ratio_poster/public/p2544313786.jpg,2019-01-11(中国大陆),https://movie.douban.com/subject/30331149/,7.8,"爱情,动画,奇幻",4,,,2019-03-03 17:12:09,
1700910865,摘金奇缘,,https://img9.doubanio.com/view/photo/m_ratio_poster/public/p2540295055.jpg,2018-11-30(中国大陆),https://movie.douban.com/subject/26786642/,6,"喜剧,爱情",4,,,2019-03-03 00:12:58,
1691944665,小偷家族,,https://img9.doubanio.com/view/photo/m_ratio_poster/public/p2530599636.jpg,2018-08-03(中国大陆),https://movie.douban.com/subject/27622447/,8.7,"剧情,家庭,犯罪",,,,2019-02-24 23:03:28,
1691944519,复仇者联盟3：无限战争,,https://img9.doubanio.com/view/photo/m_ratio_poster/public/p2517753454.jpg,2018-05-11(中国大陆),https://movie.douban.com/subject/24773958/,8.1,"动作,科幻,奇幻",,,,2019-02-24 23:03:24,
1691941551,昨日青空,,https://img9.doubanio.com/view/photo/m_ratio_poster/public/p2533173724.jpg,2018-10-26(中国大陆),https://movie.douban.com/subject/26290410/,6.1,"爱情,动画",,,,2019-02-24 23:01:56,
1691939008,正义联盟,,https://img9.doubanio.com/view/photo/m_ratio_poster/public/p2504027804.jpg,2017-11-17(中国大陆),https://movie.douban.com/subject/2158490/,6.3,"动作,科幻,奇幻",3,,,2019-02-24 23:00:39,
1687464286,最萌警探,,https://img9.doubanio.com/view/photo/m_ratio_poster/public/p2541109784.jpg,2018-12-14(中国大陆),https://movie.douban.com/subject/30387535/,5.2,"喜剧,冒险",3,,,2019-02-22 00:05:51,
1681548615,神奇动物：格林德沃之罪,,https://img1.doubanio.com/view/photo/m_ratio_poster/public/p2538826177.jpg,2018-11-16(中国大陆),https://movie.douban.com/subject/26147417/,7,"奇幻,冒险",3,,,2019-02-18 08:10:19,
1672431091,断片之险途夺宝,,https://img1.doubanio.com/view/photo/m_ratio_poster/public/p2541553709.jpg,2018-12-29(中国大陆),https://movie.douban.com/subject/26882457/,2.9,"喜剧,冒险",1,,,2019-02-13 11:02:23,
1662935365,流浪地球,,https://img2.doubanio.com/view/photo/m_ratio_poster/public/p2545472803.jpg,2019-02-05(中国大陆),https://movie.douban.com/subject/26266893/,7.9,"科幻,冒险,灾难",4,,,2019-02-08 22:42:54,
1661075017,完美陌生人,,https://img9.doubanio.com/view/photo/m_ratio_poster/public/p2522331945.jpg,2018-05-25(中国大陆),https://movie.douban.com/subject/26614893/,8.5,"剧情,喜剧",3,,,2019-02-08 00:12:34,
1660908596,来电狂响,,https://img1.doubanio.com/view/photo/m_ratio_poster/public/p2542268337.jpg,2018-12-28(中国大陆),https://movie.douban.com/subject/30377703/,5.7,"剧情,喜剧",3,,,2019-02-07 23:11:12,
1643459335,雪怪大冒险,,https://img1.doubanio.com/view/photo/m_ratio_poster/public/p2535550507.jpg,2018-10-19(中国大陆),https://movie.douban.com/subject/26944582/,7.3,"喜剧,动画,歌舞",2,,,2019-01-26 16:45:46,
1643263478,天气预爆,,https://img1.doubanio.com/view/photo/m_ratio_poster/public/p2543353290.jpg,2018-12-21(中国大陆),https://movie.douban.com/subject/26994789/,3.8,"喜剧,奇幻",1,,,2019-01-26 13:54:03,
1642482331,古董局中局,,https://img1.doubanio.com/view/photo/m_ratio_poster/public/p2499602397.jpg,2018-12-26(中国大陆),https://movie.douban.com/subject/26675617/,6.6,"剧情,悬疑,冒险",3,开头还行，后面太匆忙了结局也很蛋疼,,2019-01-25 21:08:28,
1634074709,开封降魔记,,https://img1.doubanio.com/view/photo/m_ratio_poster/public/p2545642770.jpg,2019-01-15(中国大陆),https://movie.douban.com/subject/30337142/,,"动作,悬疑,古装",1,为什么不可以投0分...,,2019-01-19 16:38:57,
1625633247,无名之辈,,https://img9.doubanio.com/view/photo/m_ratio_poster/public/p2539661066.jpg,2018-11-16(中国大陆),https://movie.douban.com/subject/27110296/,8,"剧情,喜剧",5,,,2019-01-13 11:11:28,
1617471662,猛龙行动之绝密代码,,https://img2.doubanio.com/view/photo/m_ratio_poster/public/p2544431452.jpg,2019-01-05(中国大陆),https://movie.douban.com/subject/30420270/,,,1,,,2019-01-07 22:02:02,
1616346093,剑网3·侠肝义胆沈剑心 第一季,,https://img1.doubanio.com/view/photo/m_ratio_poster/public/p2525155690.jpg,2018-09-21(中国大陆),https://movie.douban.com/subject/30243303/,8.6,"剧情,喜剧,动画",5,,,2019-01-07 06:14:00,
1614225386,我的冤家是条狗,,https://img1.doubanio.com/view/photo/m_ratio_poster/public/p2537054509.jpg,2018-11-09(中国大陆),https://movie.douban.com/subject/30143861/,6.3,"喜剧,家庭",3,,,2019-01-06 01:13:34,
1603713915,深宫碟影,,https://img1.doubanio.com/view/photo/m_ratio_poster/public/p2543289898.jpg,2018-12-29(中国大陆),https://movie.douban.com/subject/30409552/,,"喜剧,奇幻,古装",3,,,2018-12-31 19:37:34,
1603583514,冰封侠：时空行者,,https://img9.doubanio.com/view/photo/m_ratio_poster/public/p2537133715.jpg,2018-11-02(中国大陆),https://movie.douban.com/subject/25300674/,2.8,"动作,奇幻",1,,,2018-12-31 18:11:59,
1603170326,哥布林杀手,,https://img9.doubanio.com/view/photo/m_ratio_poster/public/p2537292825.jpg,2018-10-06(日本),https://movie.douban.com/subject/30150636/,7.7,"动画,奇幻,冒险",4,,,2018-12-31 14:04:50,
1595920836,青春期猪头少年不做兔女郎学姐的梦,,https://img2.doubanio.com/view/photo/m_ratio_poster/public/p2527552853.jpg,2018-10-03(日本),https://movie.douban.com/subject/30166978/,9,"爱情,动画",5,,,2018-12-28 01:01:02,
1591666617,决味厨神,,https://img9.doubanio.com/view/photo/m_ratio_poster/public/p2543290116.jpg,2018-12-25(中国大陆),https://movie.douban.com/subject/30409821/,,喜剧,1,,,2018-12-25 23:34:49,
1587927010,无双,,https://img9.doubanio.com/view/photo/m_ratio_poster/public/p2535260806.jpg,2018-09-30(中国大陆),https://movie.douban.com/subject/26425063/,8,"剧情,动作,悬疑",4,,,2018-12-23 19:48:36,
1571829627,李茶的姑妈,,https://img1.doubanio.com/view/photo/m_ratio_poster/public/p2533384240.jpg,2018-09-30(中国大陆),https://movie.douban.com/subject/27092785/,4.6,喜剧,1,,,2018-12-15 01:07:48,
1535565458,邪不压正,,https://img2.doubanio.com/view/photo/m_ratio_poster/public/p2526297221.jpg,2018-07-13(中国大陆),https://movie.douban.com/subject/26366496/,7,"剧情,喜剧,动作",3,,,2018-11-24 18:42:06,
1523543847,雷神3：诸神黄昏,,https://img9.doubanio.com/view/photo/m_ratio_poster/public/p2500451074.jpg,2017-11-03(中国大陆),https://movie.douban.com/subject/25821634/,7.4,"动作,奇幻,冒险",2,,,2018-11-17 23:31:00,
1511910579,名侦探柯南：零的执行人,,https://img1.doubanio.com/view/photo/m_ratio_poster/public/p2537694239.jpg,2018-11-09(中国大陆),https://movie.douban.com/subject/27110363/,5.7,"动画,悬疑",4,,,2018-11-04 18:47:18,
1511623712,天才枪手,,https://img9.doubanio.com/view/photo/m_ratio_poster/public/p2501863104.jpg,2017-10-13(中国大陆),https://movie.douban.com/subject/27024903/,8.2,"剧情,悬疑,犯罪",4,,,2018-11-04 12:43:37,
1508270767,黑子的篮球·终极一战,,https://img2.doubanio.com/view/photo/m_ratio_poster/public/p2531651342.jpg,2018-08-24(中国大陆),https://movie.douban.com/subject/26615753/,6.3,"动画,运动",3,,,2018-10-31 00:30:28,
1506657267,反贪风暴3,,https://img2.doubanio.com/view/photo/m_ratio_poster/public/p2531887203.jpg,2018-09-14(中国大陆),https://movie.douban.com/subject/26996640/,5.7,"剧情,动作,犯罪",3,,,2018-10-28 23:05:25,
1499972655,魔法律事务所 第一季,,https://img1.doubanio.com/view/photo/m_ratio_poster/public/p2539338017.jpg,2018-08-03(日本),https://movie.douban.com/subject/30174390/,6.5,动画,2,,,2018-10-21 09:28:08,
1499808887,镰仓物语,,https://img1.doubanio.com/view/photo/m_ratio_poster/public/p2532008868.jpg,2018-09-14(中国大陆),https://movie.douban.com/subject/26916229/,6.9,"剧情,奇幻",4,,,2018-10-21 00:37:33,
1483409543,海贼王剧场版9：冬季绽放的奇迹之樱,,https://img2.doubanio.com/view/photo/m_ratio_poster/public/p724327181.jpg,2008-03-01,https://movie.douban.com/subject/3017508/,8.7,"剧情,喜剧,动作",5,,,2018-10-03 10:57:51,
1483409266,海贼王剧场版6：狂欢男爵和神秘岛,,https://img1.doubanio.com/view/photo/m_ratio_poster/public/p2193283280.jpg,2005-03-05(日本),https://movie.douban.com/subject/3263410/,7.9,"剧情,喜剧,动作",3,"画面和乔巴的声优各种崩坏-。-||",,2018-10-03 10:57:29,
1482628170,轻羽飞扬,,https://img2.doubanio.com/view/photo/m_ratio_poster/public/p2525362991.jpg,2018-07-01(日本),https://movie.douban.com/subject/30140737/,5.5,"动画,运动",3,,,2018-10-02 15:21:55,
1480597323,天狼,,https://img2.doubanio.com/view/photo/m_ratio_poster/public/p2526570243.jpg,2018-07-12(日本),https://movie.douban.com/subject/30177737/,6.6,"动作,动画,奇幻",3,,,2018-09-30 14:14:11,
1478816434,动物世界,,https://img1.doubanio.com/view/photo/m_ratio_poster/public/p2525528688.jpg,2018-06-29(中国大陆),https://movie.douban.com/subject/26925317/,7.2,"剧情,动作,冒险",2,,,2018-09-28 08:30:52,
1477178887,蒸汽男孩,,https://img1.doubanio.com/view/photo/m_ratio_poster/public/p454040918.jpg,2004-07-17,https://movie.douban.com/subject/1291576/,7.8,"科幻,动画,冒险",3,,,2018-09-26 00:21:43,
1476258728,追逐繁星的孩子,,https://img9.doubanio.com/view/photo/m_ratio_poster/public/p1957577564.jpg,2011-05-07(日本),https://movie.douban.com/subject/4246125/,7.4,"动画,奇幻,冒险",3,,,2018-09-24 23:00:29,
1474469614,一出好戏,,https://img2.doubanio.com/view/photo/m_ratio_poster/public/p2529571873.jpg,2018-08-10(中国大陆),https://movie.douban.com/subject/26985127/,7.1,"剧情,喜剧",3,,,2018-09-22 23:55:47,
1472070981,租赁猫,,https://img9.doubanio.com/view/photo/m_ratio_poster/public/p1393566996.jpg,2012-05-12,https://movie.douban.com/subject/6101728/,7.3,剧情,3,,,2018-09-19 23:07:21,
1469690379,风语咒,,https://img2.doubanio.com/view/photo/m_ratio_poster/public/p2530872223.jpg,2018-08-03(中国大陆),https://movie.douban.com/subject/30146756/,6.8,"动画,奇幻",4,,,2018-09-16 22:52:03,
1469153159,碟中谍6：全面瓦解,,https://img9.doubanio.com/view/photo/m_ratio_poster/public/p2529365085.jpg,2018-08-31(中国大陆),https://movie.douban.com/subject/26336252/,8.1,"动作,惊悚,冒险",3,,,2018-09-16 12:34:32,
773617456,神不在的星期天,,https://img2.doubanio.com/view/photo/m_ratio_poster/public/p2023660621.jpg,2013-07-06(日本),https://movie.douban.com/subject/20266525/,7.1,动画,4,,,2018-09-08 13:30:12,
1462307495,东京教父,,https://img1.doubanio.com/view/photo/m_ratio_poster/public/p456703618.jpg,2003-11-08(日本),https://movie.douban.com/subject/1310177/,9,"剧情,喜剧,动画",4,,,2018-09-08 00:10:14,
1458136778,生存家族,,https://img9.doubanio.com/view/photo/m_ratio_poster/public/p2525716036.jpg,2018-06-22(中国大陆),https://movie.douban.com/subject/26815162/,8,"喜剧,家庭",4,,,2018-09-02 23:41:43,
1456300607,狄仁杰之四大天王,,https://img9.doubanio.com/view/photo/m_ratio_poster/public/p2526405034.jpg,2018-07-27(中国大陆),https://movie.douban.com/subject/25882296/,6.1,"动作,悬疑,奇幻",3,,,2018-09-01 05:57:04,
1450999430,延禧攻略,,https://img2.doubanio.com/view/photo/m_ratio_poster/public/p2509891341.jpg,2018-07-19(中国大陆),https://movie.douban.com/subject/26999852/,7.1,"剧情,爱情,古装",4,,,2018-08-26 21:01:10,
1450051608,阴阳诀之祭情,,https://img9.doubanio.com/view/photo/m_ratio_poster/public/p2547114636.jpg,2018-08-24(中国大陆),https://movie.douban.com/subject/30272957/,,"动作,爱情,悬疑",2,,,2018-08-25 23:34:49,
1449239807,肆式青春,,https://img9.doubanio.com/view/photo/m_ratio_poster/public/p2526429256.jpg,2018-08-04(中国大陆),https://movie.douban.com/subject/30156898/,5.6,动画,2,,,2018-08-25 10:55:30,
1433161295,宝石之国,,https://img1.doubanio.com/view/photo/m_ratio_poster/public/p2502431787.jpg,2017-10-07(日本),https://movie.douban.com/subject/27047873/,8.8,"剧情,动画,奇幻",3,,,2018-08-11 17:22:39,
1427205865,泡菜爱上小龙虾,,https://img2.doubanio.com/view/photo/m_ratio_poster/public/p2522804951.jpg,2018-06-15(中国大陆),https://movie.douban.com/subject/26425435/,2.7,"喜剧,奇幻",1,,,2018-08-05 15:04:21,
1427156935,龙虾刑警,,https://img9.doubanio.com/view/photo/m_ratio_poster/public/p2523437806.jpg,2018-06-22(中国大陆),https://movie.douban.com/subject/26992383/,4.8,"喜剧,动作,犯罪",3,,,2018-08-05 14:08:57,
1419918663,猛虫过江,,https://img1.doubanio.com/view/photo/m_ratio_poster/public/p2523437699.jpg,2018-06-15(中国大陆),https://movie.douban.com/subject/26818314/,3.7,"喜剧,动作",1,,,2018-07-29 01:07:21,
1419869008,西虹市首富,,https://img1.doubanio.com/view/photo/m_ratio_poster/public/p2529206747.jpg,2018-07-27(中国大陆),https://movie.douban.com/subject/27605698/,6.6,喜剧,3,,,2018-07-29 00:10:52,
1413949363,魔卡少女樱 透明牌篇,,https://img9.doubanio.com/view/photo/m_ratio_poster/public/p2510628384.jpg,2018-01-07(日本),https://movie.douban.com/subject/26923124/,8.3,动画,3,,,2018-07-22 17:58:13,
1409080803,伍六七,,https://img2.doubanio.com/view/photo/m_ratio_poster/public/p2707610653.jpg,2018-04-25(中国大陆),https://movie.douban.com/subject/27624762/,8.8,"剧情,喜剧,动作",5,,,2018-07-17 22:59:56,
1404524544,厕所英雄,,https://img1.doubanio.com/view/photo/m_ratio_poster/public/p2523632248.jpg,2018-06-08(中国大陆),https://movie.douban.com/subject/26942645/,7.1,"剧情,喜剧",3,,,2018-07-12 14:08:07,
1403069667,超时空同居,,https://img1.doubanio.com/view/photo/m_ratio_poster/public/p2520331478.jpg,2018-05-18(中国大陆),https://movie.douban.com/subject/27133303/,6.8,"喜剧,爱情,奇幻",2,,,2018-07-09 22:42:42,
1401004291,我不是药神,,https://img9.doubanio.com/view/photo/m_ratio_poster/public/p2561305376.jpg,2018-07-05(中国大陆),https://movie.douban.com/subject/26752088/,9,"剧情,喜剧",5,,"2018,真实事件改编,药,生命,人性",2018-07-06 23:01:25,
1398234888,玛丽与魔女之花,,https://img1.doubanio.com/view/photo/m_ratio_poster/public/p2521033758.jpg,2018-04-28(中国大陆),https://movie.douban.com/subject/26935777/,6.2,"动画,奇幻,冒险",3,,,2018-07-02 00:02:38,
1397745098,刀剑神域 Alternative GGO,,https://img9.doubanio.com/view/photo/m_ratio_poster/public/p2512266496.jpg,2018-04-07(日本),https://movie.douban.com/subject/27160681/,7.5,"剧情,动作,动画",4,,,2018-07-01 08:52:20,
1397612725,头号玩家,,https://img1.doubanio.com/view/photo/m_ratio_poster/public/p2516578307.jpg,2018-03-30(中国大陆),https://movie.douban.com/subject/4920389/,8.7,"动作,科幻,冒险",4,,,2018-06-30 22:53:48,
1394795905,黑豹,,https://img9.doubanio.com/view/photo/m_ratio_poster/public/p2512123434.jpg,2018-03-09(中国大陆),https://movie.douban.com/subject/6390825/,6.5,"动作,科幻,冒险",3,,,2018-06-25 00:50:15,
1394795810,食神魂 第一季,,https://img9.doubanio.com/view/photo/m_ratio_poster/public/p2460506044.jpg,2017-05-26(中国大陆),https://movie.douban.com/subject/27055901/,,动画,4,,,2018-06-25 00:50:03,
1394795762,食神魂 第二季,,https://img1.doubanio.com/view/photo/m_ratio_poster/public/p2523788358.jpg,2018-03-14(中国大陆),https://movie.douban.com/subject/30238351/,,动画,4,,,2018-06-25 00:49:56,
1394224591,创造101,,https://img1.doubanio.com/view/photo/m_ratio_poster/public/p2517517517.jpg,2018-04-21(中国大陆),https://movie.douban.com/subject/30157162/,5.9,真人秀,3,,,2018-06-24 00:05:35,
1394209484,环太平洋：雷霆再起,,https://img9.doubanio.com/view/photo/m_ratio_poster/public/p2512933684.jpg,2018-03-23(中国大陆),https://movie.douban.com/subject/20435622/,5.4,"动作,科幻,冒险",2,,,2018-06-23 23:41:01,
1386367663,起跑线,,https://img1.doubanio.com/view/photo/m_ratio_poster/public/p2517518428.jpg,2018-04-04(中国大陆),https://movie.douban.com/subject/26942631/,7.9,"剧情,喜剧",3,,,2018-06-09 00:40:36,
1385439287,湮灭,,https://img1.doubanio.com/view/photo/m_ratio_poster/public/p2516914607.jpg,2018-04-13(中国大陆),https://movie.douban.com/subject/26384741/,7.2,"剧情,科幻,惊悚",3,,,2018-06-07 01:01:29,
1379334120,无问西东,,https://img9.doubanio.com/view/photo/m_ratio_poster/public/p2507572275.jpg,2018-01-12(中国大陆),https://movie.douban.com/subject/6874741/,7.5,"剧情,爱情,战争",3,follow your heart,,2018-05-25 22:48:15,
1376301442,唐人街探案,,https://img9.doubanio.com/view/photo/m_ratio_poster/public/p2302930556.jpg,2015-12-31(中国大陆),https://movie.douban.com/subject/26311973/,7.7,"喜剧,动作,悬疑",3,,,2018-05-20 01:48:41,
1361426711,唐人街探案2,,https://img1.doubanio.com/view/photo/m_ratio_poster/public/p2512717519.jpg,2018-02-16(中国大陆),https://movie.douban.com/subject/26698897/,6.6,"喜剧,动作,悬疑",3,,,2018-04-21 01:45:51,
1357912014,小萝莉的猴神大叔,,https://img9.doubanio.com/view/photo/m_ratio_poster/public/p2510956726.jpg,2018-03-02(中国大陆),https://movie.douban.com/subject/26393561/,8.4,"剧情,喜剧,动作",4,,,2018-04-14 03:22:48,
1352676204,捉妖记2,,https://img9.doubanio.com/view/photo/m_ratio_poster/public/p2509643816.jpg,2018-02-16(中国大陆),https://movie.douban.com/subject/26575103/,4.9,"喜剧,动作,奇幻",2,,,2018-04-05 00:28:43,
1352140138,奇迹男孩,,https://img1.doubanio.com/view/photo/m_ratio_poster/public/p2507709428.jpg,2018-01-19(中国大陆),https://movie.douban.com/subject/26787574/,8.6,"剧情,家庭,儿童",4,,,2018-04-04 01:00:55,
1347185701,谜巢,,https://img9.doubanio.com/view/photo/m_ratio_poster/public/p2510144625.jpg,2018-01-19(中国大陆),https://movie.douban.com/subject/26612285/,3.4,"动作,冒险",1,,,2018-03-25 20:27:31,
1343581937,请以你的名字呼唤我,,https://img1.doubanio.com/view/photo/m_ratio_poster/public/p2505525050.jpg,2017-01-22(圣丹斯电影节),https://movie.douban.com/subject/26799731/,8.9,"剧情,爱情,同性",3,,,2018-03-18 22:00:26,
1342456179,神犬小巴迪,,https://img9.doubanio.com/view/photo/m_ratio_poster/public/p2867404115.jpg,2006-12-12,https://movie.douban.com/subject/1941581/,7.7,"喜剧,家庭",2,,,2018-03-17 01:55:20,
1342455093,灵契,,https://img2.doubanio.com/view/photo/m_ratio_poster/public/p2512902242.jpg,2018-03-11(中国大陆),https://movie.douban.com/subject/27056324/,4.1,奇幻,1,,,2018-03-17 01:51:11,
1340563894,帕丁顿熊2,,https://img1.doubanio.com/view/photo/m_ratio_poster/public/p2506466229.jpg,2017-12-08(中国大陆),https://movie.douban.com/subject/26340419/,8,"喜剧,动画,家庭",3,,,2018-03-13 13:15:59,
1339822492,名侦探柯南：唐红的恋歌,,https://img1.doubanio.com/view/photo/m_ratio_poster/public/p2461296240.jpg,2017-04-15(日本),https://movie.douban.com/subject/26788667/,6.9,"动画,悬疑",3,,,2018-03-11 23:23:42,
1339314021,水果传 第一季,,https://img1.doubanio.com/view/photo/m_ratio_poster/public/p2511044328.jpg,2018-01-06(中国大陆),https://movie.douban.com/subject/27621014/,8.6,纪录片,4,,,2018-03-11 08:41:19,
1338099206,芳华,,https://img2.doubanio.com/view/photo/m_ratio_poster/public/p2507227732.jpg,2017-12-15(中国大陆),https://movie.douban.com/subject/26862829/,7.7,"剧情,历史,战争",4,,,2018-03-09 01:27:43,
1335391654,妖精的尾巴剧场版：龙泣,,https://img1.doubanio.com/view/photo/m_ratio_poster/public/p2461267797.jpg,2017-05-06(日本),https://movie.douban.com/subject/26392200/,6.7,动画,3,,,2018-03-04 12:18:30,
1334585210,神秘巨星,,https://img1.doubanio.com/view/photo/m_ratio_poster/public/p2508925590.jpg,2018-01-19(中国大陆),https://movie.douban.com/subject/26942674/,7.7,"剧情,音乐",4,,,2018-03-03 00:51:31,
1334019871,舌尖上的中国 第三季,,https://img2.doubanio.com/view/photo/m_ratio_poster/public/p2510875252.jpg,2018-02-19(中国大陆),https://movie.douban.com/subject/25875034/,3.8,纪录片,3,,,2018-03-02 00:45:49,
1329271649,神奇动物在哪里,,https://img2.doubanio.com/view/photo/m_ratio_poster/public/p2392444121.jpg,2016-11-25(中国大陆),https://movie.douban.com/subject/25726614/,7.7,"剧情,奇幻,冒险",3,,,2018-02-22 17:36:23,
1329065190,侠探杰克：永不回头,,https://img1.doubanio.com/view/photo/m_ratio_poster/public/p2382529090.jpg,2016-10-21(中国大陆),https://movie.douban.com/subject/25789402/,5.9,"动作,犯罪",3,,,2018-02-22 12:32:40,
1328167456,王牌特工2：黄金圈,,https://img2.doubanio.com/view/photo/m_ratio_poster/public/p2499792043.jpg,2017-10-20(中国大陆),https://movie.douban.com/subject/26378579/,6.8,"喜剧,动作,冒险",3,,,2018-02-21 05:48:57,
1327435064,女医明妃传,,https://img9.doubanio.com/view/photo/m_ratio_poster/public/p2230780734.jpg,2016-02-13(中国大陆),https://movie.douban.com/subject/25817053/,6.3,"剧情,古装",2,,,2018-02-20 09:03:06,
1325700560,熊爸熊孩子,,https://img1.doubanio.com/view/photo/m_ratio_poster/public/p2514905709.jpg,2017-10-25(中国大陆),https://movie.douban.com/subject/26235196/,6.1,"剧情,家庭",2,,,2018-02-17 21:51:20,
1324120353,寻梦环游记,,https://img9.doubanio.com/view/photo/m_ratio_poster/public/p2614500706.jpg,2017-11-24(中国大陆),https://movie.douban.com/subject/20495023/,9.1,"喜剧,动画,音乐",3,,,2018-02-14 21:51:33,
1323831987,精灵宝可梦：波尔凯尼恩与机巧的玛机雅娜,,https://img1.doubanio.com/view/photo/m_ratio_poster/public/p2503056709.jpg,2017-11-11(中国大陆),https://movie.douban.com/subject/26683354/,6.1,"动画,奇幻,冒险",3,,,2018-02-14 11:11:34,
1321231665,妖铃铃,,https://img2.doubanio.com/view/photo/m_ratio_poster/public/p2506825662.jpg,2017-12-29(中国大陆),https://movie.douban.com/subject/26966580/,4.2,"喜剧,惊悚",3,,,2018-02-09 15:53:10,
1318751647,英伦对决,,https://img2.doubanio.com/view/photo/m_ratio_poster/public/p2499135561.jpg,2017-09-30(中国大陆),https://movie.douban.com/subject/25723583/,7,"动作,犯罪",3,,,2018-02-05 06:36:59,
1318060381,奇门遁甲,,https://img2.doubanio.com/view/photo/m_ratio_poster/public/p2507566212.jpg,2017-12-14(中国大陆),https://movie.douban.com/subject/26661191/,4.4,"动作,奇幻",1,,,2018-02-04 00:50:20,
1317985264,战狼2,,https://img9.doubanio.com/view/photo/m_ratio_poster/public/p2494701965.jpg,2017-07-27(中国大陆),https://movie.douban.com/subject/26363254/,7.1,"动作,战争",2,,动作,2018-02-03 23:07:37,
1301204248,开封奇谈,,https://img1.doubanio.com/view/photo/m_ratio_poster/public/p2502359320.jpg,2017-10-30(中国大陆),https://movie.douban.com/subject/27037000/,5.9,"喜剧,悬疑,古装",3,,,2018-01-06 21:45:25,
1297207263,缝纫机乐队,,https://img2.doubanio.com/view/photo/m_ratio_poster/public/p2498558511.jpg,2017-09-29(中国大陆),https://movie.douban.com/subject/26926321/,6.6,"喜剧,音乐",4,,,2017-12-31 21:51:34,
1297119360,羞羞的铁拳,,https://img1.doubanio.com/view/photo/m_ratio_poster/public/p2499793218.jpg,2017-09-30(中国大陆),https://movie.douban.com/subject/27038183/,6.8,"喜剧,奇幻",4,,,2017-12-31 19:29:44,
1297043766,银翼杀手2049,,https://img1.doubanio.com/view/photo/m_ratio_poster/public/p2501864539.jpg,2017-10-27(中国大陆),https://movie.douban.com/subject/10512661/,8.3,"剧情,动作,科幻",3,,,2017-12-31 17:15:08,
1293006636,刀剑神域：序列之争,,https://img2.doubanio.com/view/photo/m_ratio_poster/public/p2498371582.jpg,2017-09-15(中国大陆),https://movie.douban.com/subject/26634179/,7,"科幻,动画,冒险",3,,,2017-12-26 00:47:34,
1276687129,明星大侦探 第二季,,https://img2.doubanio.com/view/photo/m_ratio_poster/public/p2410155723.jpg,2017-01-13(中国大陆),https://movie.douban.com/subject/26821378/,9,"悬疑,犯罪,真人秀",4,,,2017-11-26 08:40:13,
1276687087,明星大侦探 第一季,,https://img9.doubanio.com/view/photo/m_ratio_poster/public/p2328705965.jpg,2016-03-27(中国大陆),https://movie.douban.com/subject/26737158/,9.4,"悬疑,犯罪,真人秀",4,,,2017-11-26 08:40:03,
1255464081,神偷奶爸3,,https://img9.doubanio.com/view/photo/m_ratio_poster/public/p2469070974.jpg,2017-07-07(中国大陆),https://movie.douban.com/subject/25812712/,6.8,"喜剧,动画,冒险",3,,,2017-10-11 23:09:04,
1254031623,血界战线,,https://img9.doubanio.com/view/photo/m_ratio_poster/public/p2240340206.jpg,2015-04-05(日本),https://movie.douban.com/subject/25899386/,8.5,"动作,动画",4,,,2017-10-08 22:42:34,
1252225883,变形金刚5：最后的骑士,,https://img1.doubanio.com/view/photo/m_ratio_poster/public/p2462475058.jpg,2017-06-23(中国大陆),https://movie.douban.com/subject/25824686/,4.9,"动作,科幻",2,,,2017-10-05 21:03:27,
1251607799,一条叫王子的狗,,https://img9.doubanio.com/view/photo/m_ratio_poster/public/p2376906064.jpg,2016-09-15(中国大陆),https://movie.douban.com/subject/26828249/,3.8,"剧情,喜剧",1,,,2017-10-04 16:59:34,
1251607622,惊天魔盗团2,,https://img9.doubanio.com/view/photo/m_ratio_poster/public/p2355440566.jpg,2016-06-24(中国大陆),https://movie.douban.com/subject/25662337/,6.9,"剧情,悬疑,犯罪",3,,,2017-10-04 16:59:10,
1250806770,梵蒂冈奇迹调查官,,https://img2.doubanio.com/view/photo/m_ratio_poster/public/p2462124941.jpg,2017-07-07(日本),https://movie.douban.com/subject/26915511/,6.7,动画,4,,,2017-10-03 01:00:09,
1246769265,闪光少女,,https://img2.doubanio.com/view/photo/m_ratio_poster/public/p2494275431.jpg,2017-07-20(中国大陆),https://movie.douban.com/subject/26790961/,7.2,"喜剧,音乐",4,,,2017-09-24 09:56:34,
1246618214,大护法,,https://img1.doubanio.com/view/photo/m_ratio_poster/public/p2490948849.jpg,2017-07-13(中国大陆),https://movie.douban.com/subject/26811587/,7.8,"喜剧,动画,奇幻",3,,,2017-09-23 22:54:41,
1246211293,神奇女侠,,https://img2.doubanio.com/view/photo/m_ratio_poster/public/p2460006593.jpg,2017-06-02(中国大陆),https://movie.douban.com/subject/1578714/,7.1,"动作,奇幻,冒险",3,三分给女主,,2017-09-23 00:38:13,
1244328330,加勒比海盗5：死无对证,,https://img9.doubanio.com/view/photo/m_ratio_poster/public/p2459723975.jpg,2017-05-26(中国大陆),https://movie.douban.com/subject/6311303/,7.2,"动作,奇幻,冒险",3,,,2017-09-18 01:14:46,
1232103932,功夫瑜伽,,https://img1.doubanio.com/view/photo/m_ratio_poster/public/p2412371389.jpg,2017-01-28(中国大陆),https://movie.douban.com/subject/26182910/,5,"喜剧,动作,冒险",2,,,2017-08-20 11:29:52,
1232103807,银河护卫队2,,https://img9.doubanio.com/view/photo/m_ratio_poster/public/p2455261804.jpg,2017-05-05(中国大陆),https://movie.douban.com/subject/25937854/,8,"动作,科幻,冒险",3,在飞机上星星点点的看完的,,2017-08-20 11:29:36,
1231712542,星游记之风暴法米拉,,https://img1.doubanio.com/view/photo/m_ratio_poster/public/p2492792540.jpg,2017-08-11(中国大陆),https://movie.douban.com/subject/26771100/,7.4,"动作,动画,奇幻",4,还好我是去年看的第一季，不敢相信六年前看了第一季的人现在是啥心情，有生之年系列啊。,,2017-08-19 15:21:45,
1196060969,游戏王：次元的黑暗面,,https://img1.doubanio.com/view/photo/m_ratio_poster/public/p2391551700.jpg,2016-04-23(日本),https://movie.douban.com/subject/26282454/,8.2,"剧情,动画,奇幻",3,,,2017-05-29 20:55:14,
1190788251,金刚狼3：殊死一战,,https://img1.doubanio.com/view/photo/m_ratio_poster/public/p2431980130.jpg,2017-03-03(中国大陆),https://movie.douban.com/subject/25765735/,8.3,"剧情,动作,科幻",3,,,2017-05-16 02:33:29,
1190084955,花间提壶方大厨,,https://img1.doubanio.com/view/photo/m_ratio_poster/public/p2456989000.jpg,2017-04-20(中国大陆),https://movie.douban.com/subject/26868416/,7.9,"喜剧,爱情,古装",4,,,2017-05-14 13:00:02,
1186949591,摔跤吧！爸爸,,https://img1.doubanio.com/view/photo/m_ratio_poster/public/p2401676338.jpg,2017-05-05(中国大陆),https://movie.douban.com/subject/26387939/,9,"剧情,家庭,传记",5,,,2017-05-06 20:23:01,
1186746557,热诚传说X,,https://img9.doubanio.com/view/photo/m_ratio_poster/public/p2357519316.jpg,2016-07-03(日本),https://movie.douban.com/subject/26420704/,6.7,"动作,动画,奇幻",3,,,2017-05-06 11:24:40,
1181362155,一条狗的使命,,https://img1.doubanio.com/view/photo/m_ratio_poster/public/p2432493858.jpg,2017-03-03(中国大陆),https://movie.douban.com/subject/6873143/,7.7,"剧情,喜剧,家庭",4,,,2017-04-23 12:10:27,
1173162731,双星之阴阳师,,https://img1.doubanio.com/view/photo/m_ratio_poster/public/p2327887188.jpg,2016-04-06(日本),https://movie.douban.com/subject/26678832/,6.2,"剧情,动作,动画",3,,,2017-04-03 19:15:41,
1173012784,釜山行,,https://img1.doubanio.com/view/photo/m_ratio_poster/public/p2360940399.jpg,2016-05-13(戛纳电影节),https://movie.douban.com/subject/25986180/,8.6,"动作,惊悚,灾难",4,,,2017-04-03 13:06:23,
1169317925,魔弦传说,,https://img9.doubanio.com/view/photo/m_ratio_poster/public/p2411608656.jpg,2017-01-13(中国大陆),https://movie.douban.com/subject/26287884/,7.4,"动画,奇幻,冒险",3,,,2017-03-25 20:42:55,
1163971734,小王子,,https://img9.doubanio.com/view/photo/m_ratio_poster/public/p2274029145.jpg,2015-10-16(中国大陆),https://movie.douban.com/subject/20645098/,8.3,"动画,奇幻",4,,,2017-03-12 22:08:05,
1161042821,爱乐之城,,https://img9.doubanio.com/view/photo/m_ratio_poster/public/p2395517414.jpg,2017-02-14(中国大陆),https://movie.douban.com/subject/25934014/,8.4,"剧情,爱情,歌舞",3,,,2017-03-06 00:13:22,
1146059997,流浪猫鲍勃,,https://img9.doubanio.com/view/photo/m_ratio_poster/public/p2535524955.jpg,2018-11-02(中国大陆),https://movie.douban.com/subject/26685451/,7.9,"剧情,喜剧,传记",4,,,2017-02-02 23:21:43,
1134087059,航海王之黄金城,,https://img1.doubanio.com/view/photo/m_ratio_poster/public/p2392493260.jpg,2016-11-11(中国大陆),https://movie.douban.com/subject/26598021/,7.6,"剧情,动作,动画",3,,,2017-01-08 16:07:46,
1119913641,你的名字。,,https://img1.doubanio.com/view/photo/m_ratio_poster/public/p2395733377.jpg,2016-12-02(中国大陆),https://movie.douban.com/subject/26683290/,8.5,"剧情,爱情,动画",4,,,2016-12-11 18:55:23,
1105781155,反叛的鲁路修R2,,https://img2.doubanio.com/view/photo/m_ratio_poster/public/p1447987261.jpg,2008-04-06(日本),https://movie.douban.com/subject/3004532/,9.3,"科幻,动画",5,,,2016-11-05 17:43:03,
1105780772,奇异博士,,https://img2.doubanio.com/view/photo/m_ratio_poster/public/p2388501883.jpg,2016-11-04(中国大陆),https://movie.douban.com/subject/3025375/,7.6,"动作,奇幻,冒险",4,,,2016-11-05 17:41:46,
1102687866,反叛的鲁路修,,https://img2.doubanio.com/view/photo/m_ratio_poster/public/p2517464011.jpg,2006-10-05(日本),https://movie.douban.com/subject/2043155/,9.1,"科幻,动画",3,,,2016-10-28 00:39:00,
1101624015,机械师2：复活,,https://img1.doubanio.com/view/photo/m_ratio_poster/public/p2385311728.jpg,2016-10-21(中国大陆),https://movie.douban.com/subject/25825412/,5.7,"动作,犯罪",3,,,2016-10-25 00:12:24,
1100467109,花园墙外,,https://img1.doubanio.com/view/photo/m_ratio_poster/public/p2212480699.jpg,2014-11-03(美国),https://movie.douban.com/subject/25941842/,9.3,"动画,惊悚,冒险",4,,,2016-10-22 10:04:23,
1094355378,钢之炼金术师FA,,https://img9.doubanio.com/view/photo/m_ratio_poster/public/p2225808366.jpg,2009-04-05(日本),https://movie.douban.com/subject/3430169/,9.5,"剧情,动作,动画",4,,,2016-10-06 23:56:49,
1092760247,爱宠大机密,,https://img9.doubanio.com/view/photo/m_ratio_poster/public/p2363369616.jpg,2016-08-02(中国大陆),https://movie.douban.com/subject/21817627/,7.8,"喜剧,动画",3,,,2016-10-03 21:41:09,
1092759748,邻居,,https://img2.doubanio.com/view/photo/m_ratio_poster/public/p1600144202.jpg,2012-08-22(韩国),https://movie.douban.com/subject/10508876/,7.5,"剧情,惊悚",4,,,2016-10-03 21:40:16,
1070667942,超新约全书,,https://img1.doubanio.com/view/photo/m_ratio_poster/public/p2240337400.jpg,2015-05-17(戛纳电影节),https://movie.douban.com/subject/25958704/,7.8,"喜剧,奇幻",4,,,2016-08-06 22:44:45,
1047262211,未知电影,,https://img2.doubanio.com/f/frodo/753fa1e93c945e533e52dddab73b2b55a1083083/pics/subject/movie_large.jpg,,https://movie.douban.com/subject/26344688/,0,,3,,,2016-05-31 23:27:12,
1039363326,美国队长3,,https://img9.doubanio.com/view/photo/m_ratio_poster/public/p2332503406.jpg,2016-05-06(中国大陆),https://movie.douban.com/subject/25820460/,7.9,"动作,科幻,冒险",3,蚁人和小蜘蛛太逗了，时间长打斗爽有笑话还有肌肉男秀恩爱，感觉票价超值😂,,2016-05-08 00:26:37,
1037616779,未来日记Redial,,https://img9.doubanio.com/view/photo/m_ratio_poster/public/p1927558794.jpg,2013-06-19(日本),https://movie.douban.com/subject/20470243/,8.1,"剧情,动画,悬疑",3,这种强行 HE 的 OVA 给人的感觉真是…,,2016-05-02 15:59:46,
1037616330,未来日记,,https://img1.doubanio.com/view/photo/m_ratio_poster/public/p2569783128.jpg,2011-10-09(日本),https://movie.douban.com/subject/6126502/,8.2,"剧情,爱情,动画",4,日本人真是把变态演到极致了…,,2016-05-02 15:58:27,
1037100458,金钱掌控,,https://img1.doubanio.com/view/photo/m_ratio_poster/public/p1012113018.jpg,2011-04-14(日本),https://movie.douban.com/subject/5413681/,7.6,"剧情,动画,奇幻",3,,,2016-05-01 00:35:28,
1032771714,功夫熊猫3,,https://img1.doubanio.com/view/photo/m_ratio_poster/public/p2306653420.jpg,2016-01-29(中国大陆),https://movie.douban.com/subject/11589036/,7.8,"喜剧,动作,动画",3,,,2016-04-17 20:38:52,
1031483853,心灵想要大声呼喊,,https://img9.doubanio.com/view/photo/m_ratio_poster/public/p2258854364.jpg,2015-09-19(日本),https://movie.douban.com/subject/25975249/,7.6,动画,4,,,2016-04-14 01:44:39,
1027923751,疯狂动物城,,https://img1.doubanio.com/view/photo/m_ratio_poster/public/p2614500649.jpg,2016-03-04(中国大陆),https://movie.douban.com/subject/25662329/,9.2,"喜剧,动画,冒险",4,,,2016-04-03 22:08:42,
912707865,怪物之子,,https://img9.doubanio.com/view/photo/m_ratio_poster/public/p2238784204.jpg,2015-07-11(日本),https://movie.douban.com/subject/26280710/,7.8,"动作,动画,奇幻",4,,,2016-02-27 14:43:03,
1013530656,跟踪,,https://img1.doubanio.com/view/photo/m_ratio_poster/public/p1929460809.jpg,2007-06-21(中国香港),https://movie.douban.com/subject/1947114/,7.4,"惊悚,犯罪",4,只记得猪女不记得片名了T_T,,2016-02-20 22:25:27,
1008465431,小门神,,https://img1.doubanio.com/view/photo/m_ratio_poster/public/p2299783299.jpg,2016-01-01(中国大陆),https://movie.douban.com/subject/25845910/,6.9,"喜剧,动画,奇幻",3,,,2016-02-07 15:04:08,
1007659357,寻龙诀,,https://img2.doubanio.com/view/photo/m_ratio_poster/public/p2284620292.jpg,2015-12-18(中国大陆),https://movie.douban.com/subject/3077412/,7.4,"剧情,动作,奇幻",2,,,2016-02-04 22:13:38,
1006050784,明日世界,,https://img1.doubanio.com/view/photo/m_ratio_poster/public/p2242653338.jpg,2015-05-26(中国大陆),https://movie.douban.com/subject/6873042/,6.4,"动作,科幻,冒险",3,,,2016-01-31 14:43:53,
1000970520,灰度灰,,https://img9.doubanio.com/view/photo/m_ratio_poster/public/p2243433095.jpg,2015-03-07(智利),https://movie.douban.com/subject/26344589/,6.5,"剧情,爱情,同性",3,,,2016-01-17 15:46:49,
998505963,亚人1：冲动,,https://img1.doubanio.com/view/photo/m_ratio_poster/public/p2267694939.jpg,2015-11-27(日本),https://movie.douban.com/subject/26386465/,8.6,"剧情,动画,悬疑",3,,,2016-01-10 23:32:26,
998043044,火影忍者剧场版：博人传,,https://img2.doubanio.com/view/photo/m_ratio_poster/public/p2251539632.jpg,2016-02-18(中国大陆),https://movie.douban.com/subject/26282448/,8.3,"动作,动画,冒险",3,,,2016-01-10 00:20:30,
997634503,狐妖小红娘,,https://img2.doubanio.com/view/photo/m_ratio_poster/public/p2253414171.jpg,2015-06-26(中国大陆),https://movie.douban.com/subject/26435736/,8.9,"喜剧,爱情,动画",4,,,2016-01-09 01:00:49,
996328627,神奇宝贝剧场版：光轮的超魔神胡巴,,https://img1.doubanio.com/view/photo/m_ratio_poster/public/p2702162508.jpg,2015-07-18(日本),https://movie.douban.com/subject/26282453/,7.3,动画,3,,,2016-01-05 23:57:38,
994342660,恐龙当家,,https://img9.doubanio.com/view/photo/m_ratio_poster/public/p2267430045.jpg,2015-11-25(美国),https://movie.douban.com/subject/6875863/,7.5,"喜剧,动画,家庭",3,,,2016-01-01 22:37:40,
993975116,火星救援,,https://img2.doubanio.com/view/photo/m_ratio_poster/public/p2280097442.jpg,2015-11-25(中国大陆),https://movie.douban.com/subject/25864085/,8.5,"剧情,科幻,冒险",3,,,2016-01-01 00:29:25,
980037982,蚁人,,https://img2.doubanio.com/view/photo/m_ratio_poster/public/p2266823371.jpg,2015-10-16(中国大陆),https://movie.douban.com/subject/1866473/,7.7,"动作,科幻,冒险",3,,,2015-11-22 22:47:09,
977158777,未知电视剧,,https://img2.doubanio.com/f/frodo/568eb8fac54d39fe599b0de8c3f2aee1dbc43cf0/pics/subject/tv_large.jpg,,https://movie.douban.com/subject/3736737/,0,,4,,,2015-11-14 16:56:28,
975274534,卫生间的圣母像,,https://img1.doubanio.com/view/photo/m_ratio_poster/public/p2228824410.jpg,2015-06-06(日本),https://movie.douban.com/subject/26252196/,7.7,剧情,3,,,2015-11-08 01:08:38,
975201579,代号47,,https://img2.doubanio.com/view/photo/m_ratio_poster/public/p2252051573.jpg,2015-08-21(美国),https://movie.douban.com/subject/21350962/,6.2,"动作,惊悚,犯罪",3,,,2015-11-07 22:05:36,
975201463,罗马浴场,,https://img1.doubanio.com/view/photo/m_ratio_poster/public/p1388111638.jpg,2012-01-12(日本),https://movie.douban.com/subject/7062590/,7.6,动画,3,,,2015-11-07 22:05:20,
973461906,战斧骨,,https://img9.doubanio.com/view/photo/m_ratio_poster/public/p2265754525.jpg,2015-10-23(美国),https://movie.douban.com/subject/22522269/,7,"恐怖,西部",3,,,2015-11-01 23:58:18,
973244845,秘密特工,,https://img2.doubanio.com/view/photo/m_ratio_poster/public/p2251290212.jpg,2015-08-14(美国),https://movie.douban.com/subject/6845667/,8.1,"喜剧,动作,冒险",4,,,2015-11-01 13:56:30,
973129325,勇者大冒险 第一季,,https://img1.doubanio.com/view/photo/m_ratio_poster/public/p2264804818.jpg,2015-03-31(中国大陆),https://movie.douban.com/subject/26365503/,8.5,"动画,悬疑,奇幻",3,,,2015-11-01 01:36:53,
973121343,可爱的你,,https://img1.doubanio.com/view/photo/m_ratio_poster/public/p2232074658.jpg,2015-03-20(中国大陆),https://movie.douban.com/subject/25870236/,7.9,剧情,5,前方高能自备纸巾,,2015-11-01 00:59:32,
971078374,像素大战,,https://img2.doubanio.com/view/photo/m_ratio_poster/public/p2262297012.jpg,2015-09-15(中国大陆),https://movie.douban.com/subject/25838463/,6.3,"喜剧,动作,科幻",2,,,2015-10-25 11:18:37,
970105596,琅琊榜,,https://img1.doubanio.com/view/photo/m_ratio_poster/public/p2271982968.jpg,2015-09-19(中国大陆),https://movie.douban.com/subject/25754848/,9.4,"剧情,古装",4,,,2015-10-22 02:05:01,
967135394,愚人节,,https://img1.doubanio.com/view/photo/m_ratio_poster/public/p2233235589.jpg,2015-04-01(日本),https://movie.douban.com/subject/26270517/,7.8,喜剧,3,,,2015-10-12 00:13:49,
965861121,十二公民,,https://img9.doubanio.com/view/photo/m_ratio_poster/public/p2242220716.jpg,2015-05-15(中国大陆),https://movie.douban.com/subject/24875534/,8.4,剧情,4,,,2015-10-07 22:40:34,
965712964,港囧,,https://img1.doubanio.com/view/photo/m_ratio_poster/public/p2266145079.jpg,2015-09-25(中国大陆),https://movie.douban.com/subject/25710912/,5.7,喜剧,3,,,2015-10-07 15:55:17,
965452912,煎饼侠,,https://img2.doubanio.com/view/photo/m_ratio_poster/public/p2253038483.jpg,2015-07-17(中国大陆),https://movie.douban.com/subject/25895276/,5.8,喜剧,3,,,2015-10-06 21:31:13,
965364751,火影忍者剧场版：终章,,https://img9.doubanio.com/view/photo/m_ratio_poster/public/p2204929585.jpg,2014-12-06(日本),https://movie.douban.com/subject/25938113/,7.6,"喜剧,动作,动画",2,,,2015-10-06 17:26:46,
964035253,碟中谍5：神秘国度,,https://img2.doubanio.com/view/photo/m_ratio_poster/public/p2263582212.jpg,2015-09-08(中国大陆),https://movie.douban.com/subject/10727641/,7.9,"动作,惊悚,冒险",4,,,2015-10-02 19:18:56,
963780529,捉妖记,,https://img9.doubanio.com/view/photo/m_ratio_poster/public/p2257944916.jpg,2015-07-16(中国大陆),https://movie.douban.com/subject/25723907/,6.7,"喜剧,奇幻,古装",4,,,2015-10-01 22:12:26,
963210337,亚尔斯兰战记,,https://img9.doubanio.com/view/photo/m_ratio_poster/public/p2237287716.jpg,2015-04-05(日本),https://movie.douban.com/subject/26235191/,7.9,"剧情,动画",4,,,2015-09-30 00:10:28,
962918674,太平轮(下)·彼岸,,https://img1.doubanio.com/view/photo/m_ratio_poster/public/p2258079139.jpg,2015-07-30(中国大陆),https://movie.douban.com/subject/25956520/,6.6,"剧情,爱情,灾难",3,,,2015-09-28 23:48:55,
961766629,所罗门的伪证前篇：事件,,https://img2.doubanio.com/view/photo/m_ratio_poster/public/p2225971911.jpg,2015-03-07(日本),https://movie.douban.com/subject/25799475/,6.6,惊悚,3,,,2015-09-25 00:33:17,
959651037,神奇四侠2015,,https://img2.doubanio.com/view/photo/m_ratio_poster/public/p2239463272.jpg,2015-08-07(美国),https://movie.douban.com/subject/4014396/,4.8,"动作,科幻,冒险",3,,,2015-09-17 01:34:18,
959632092,破风,,https://img9.doubanio.com/view/photo/m_ratio_poster/public/p2259282065.jpg,2015-08-07(中国大陆),https://movie.douban.com/subject/25853727/,7.3,"剧情,运动",4,,,2015-09-16 23:56:34,
957540875,名侦探柯南：业火的向日葵,,https://img2.doubanio.com/view/photo/m_ratio_poster/public/p2273435952.jpg,2015-10-23(中国大陆),https://movie.douban.com/subject/26094129/,6,"动画,悬疑,冒险",3,,,2015-09-09 01:33:07,
957276016,查泰莱夫人的情人,,https://img1.doubanio.com/view/photo/m_ratio_poster/public/p2266214389.jpg,2015-09-06(英国),https://movie.douban.com/subject/25955488/,6.2,"剧情,爱情",3,,,2015-09-08 01:30:35,
956606932,第28年的甲子园,,https://img9.doubanio.com/view/photo/m_ratio_poster/public/p2219923306.jpg,2015-01-17(日本),https://movie.douban.com/subject/25766663/,7.2,剧情,3,,,2015-09-05 19:02:52,
955995096,单身派对,,https://img2.doubanio.com/view/photo/m_ratio_poster/public/p2157455203.jpg,2013-09-10(多伦多电影节),https://movie.douban.com/subject/22747237/,7.1,喜剧,2,,,2015-09-03 20:52:53,
954901161,末日崩塌,,https://img2.doubanio.com/view/photo/m_ratio_poster/public/p2247341513.jpg,2015-06-02(中国大陆),https://movie.douban.com/subject/25786077/,7,"动作,冒险,灾难",3,圣安德烈斯断层……呵呵……还真像那么回事一样……,,2015-08-31 01:10:12,
954577358,花与爱丽丝杀人事件,,https://img9.doubanio.com/view/photo/m_ratio_poster/public/p2220639306.jpg,2015-02-20(日本),https://movie.douban.com/subject/26147706/,8.1,"喜剧,动画",3,,,2015-08-30 01:45:46,
950382922,鱼,,https://img1.doubanio.com/view/photo/m_ratio_poster/public/p2178337737.jpg,2012-02-15(日本),https://movie.douban.com/subject/6008287/,6.7,"动画,恐怖",4,只有我一个人在想开枪的时候为什么没有瓦斯爆炸么😂,,2015-08-15 22:26:00,
943141596,泰迪熊2,,https://img2.doubanio.com/view/photo/m_ratio_poster/public/p2233262892.jpg,2015-06-26(美国),https://movie.douban.com/subject/19957083/,6.7,喜剧,3,,,2015-07-22 04:38:16,
943141561,西游记之大圣归来,,https://img1.doubanio.com/view/photo/m_ratio_poster/public/p2255028780.jpg,2015-07-10(中国大陆),https://movie.douban.com/subject/26277313/,8.3,"剧情,动画,奇幻",4,,,2015-07-22 04:37:08,
936475549,黑子的篮球 第三季,,https://img1.doubanio.com/view/photo/m_ratio_poster/public/p2215713609.jpg,2015-01-10(日本),https://movie.douban.com/subject/25897310/,8.2,"剧情,动画,运动",4,,,2015-07-01 10:18:21,
935788630,纸之月,,https://img1.doubanio.com/view/photo/m_ratio_poster/public/p2188667287.jpg,2014-11-15(日本),https://movie.douban.com/subject/25818615/,7.3,"剧情,犯罪",3,,,2015-06-28 22:54:33,
935532492,未知电视剧,,https://img2.doubanio.com/f/frodo/568eb8fac54d39fe599b0de8c3f2aee1dbc43cf0/pics/subject/tv_large.jpg,,https://movie.douban.com/subject/26199926/,0,,4,,,2015-06-28 09:16:53,
935532439,命运之夜 无限剑制 第二季,,https://img1.doubanio.com/view/photo/m_ratio_poster/public/p2236199397.jpg,2015-04-04(日本),https://movie.douban.com/subject/25937990/,8.6,"剧情,动画,奇幻",4,,,2015-06-28 09:16:31,
935323028,10年计划,,https://img9.doubanio.com/view/photo/m_ratio_poster/public/p2178797486.jpg,2014-04-04(波斯顿LGBT电影节),https://movie.douban.com/subject/25757780/,7.2,"喜剧,同性",2,,,2015-06-27 16:36:19,
933262691,万物生长,,https://img9.doubanio.com/view/photo/m_ratio_poster/public/p2236439154.jpg,2015-04-17(中国大陆),https://movie.douban.com/subject/25872931/,5.7,"喜剧,爱情",3,,,2015-06-20 21:03:41,
933125688,小叮当：永无兽传奇,,https://img1.doubanio.com/view/photo/m_ratio_poster/public/p2214920830.jpg,2014-12-12(英国),https://movie.douban.com/subject/26258872/,8.2,"动画,奇幻,冒险",3,,,2015-06-20 12:13:30,
932920248,圈子,,https://img1.doubanio.com/view/photo/m_ratio_poster/public/p2193645149.jpg,2014-02-10(柏林电影节),https://movie.douban.com/subject/25825586/,7.6,"剧情,纪录片,同性",4,,,2015-06-19 16:58:33,
932912656,仲夏夜魔法,,https://img2.doubanio.com/view/photo/m_ratio_poster/public/p2217439993.jpg,2015-01-23(美国),https://movie.douban.com/subject/26258752/,7.3,"动画,歌舞,家庭",3,,,2015-06-19 16:29:43,
932454378,丑女也有春天,,https://img2.doubanio.com/view/photo/m_ratio_poster/public/p2224358403.jpg,2015-02-20(美国),https://movie.douban.com/subject/24325906/,6.2,喜剧,3,,,2015-06-17 22:59:29,
931217669,军中乐园,,https://img2.doubanio.com/view/photo/m_ratio_poster/public/p2244406291.jpg,2014-09-05(中国台湾),https://movie.douban.com/subject/20515070/,7.5,"剧情,爱情,历史",3,,,2015-06-13 22:24:27,
929634596,我很好，谢谢，我爱你,,https://img1.doubanio.com/view/photo/m_ratio_poster/public/p2254428578.jpg,2014-12-10(泰国),https://movie.douban.com/subject/26263504/,7.2,"喜剧,爱情",3,,,2015-06-08 14:33:58,
929449544,永远十六岁,,https://img1.doubanio.com/view/photo/m_ratio_poster/public/p2196308777.jpg,2014-01-17(圣丹斯电影节),https://movie.douban.com/subject/20278806/,6.4,喜剧,2,,,2015-06-07 21:57:49,
926129175,左耳,,https://img1.doubanio.com/view/photo/m_ratio_poster/public/p2238949728.jpg,2015-04-24(中国大陆),https://movie.douban.com/subject/25745752/,5.7,"剧情,爱情",2,,,2015-05-27 23:39:35,
923980901,飓风营救3,,https://img1.doubanio.com/view/photo/m_ratio_poster/public/p2224368429.jpg,2015-03-20(中国大陆),https://movie.douban.com/subject/20277632/,6.6,"动作,惊悚,犯罪",3,,,2015-05-20 22:08:59,
923884241,阿斯特里克斯历险记：诸神之宫殿,,https://img1.doubanio.com/view/photo/m_ratio_poster/public/p2203696997.jpg,2014-11-26(法国),https://movie.douban.com/subject/25917236/,7.6,"喜剧,动画,冒险",3,,,2015-05-20 15:40:58,
923726743,速度与激情7,,https://img1.doubanio.com/view/photo/m_ratio_poster/public/p2233706697.jpg,2015-04-12(中国大陆),https://movie.douban.com/subject/23761370/,8.4,"动作,犯罪",4,,,2015-05-19 22:48:50,
919282724,海洋之歌,,https://img1.doubanio.com/view/photo/m_ratio_poster/public/p2360910487.jpg,2016-08-12(中国大陆),https://movie.douban.com/subject/11584019/,8.8,"动画,奇幻,冒险",4,,,2015-05-05 14:26:13,
918454807,未知电视剧,,https://img2.doubanio.com/f/frodo/568eb8fac54d39fe599b0de8c3f2aee1dbc43cf0/pics/subject/tv_large.jpg,,https://movie.douban.com/subject/25813409/,0,,4,,,2015-05-02 21:49:57,
918265214,美人计,,https://img9.doubanio.com/view/photo/m_ratio_poster/public/p2253864516.jpg,2013-01-02,https://movie.douban.com/subject/20453030/,5.3,动作,3,,,2015-05-02 11:39:19,
916712408,K 剧场版,,https://img2.doubanio.com/view/photo/m_ratio_poster/public/p2183105552.jpg,2014-07-12(日本),https://movie.douban.com/subject/20473395/,7.9,"剧情,动作,动画",4,,,2015-04-27 01:22:41,
916057391,战狼,,https://img9.doubanio.com/view/photo/m_ratio_poster/public/p2225660666.jpg,2015-04-02(中国大陆),https://movie.douban.com/subject/24753810/,7,"动作,战争",4,,,2015-04-25 00:45:01,
915890041,狼图腾,,https://img1.doubanio.com/view/photo/m_ratio_poster/public/p2225291257.jpg,2015-02-19(中国大陆),https://movie.douban.com/subject/3993588/,6.9,"剧情,冒险",2,,,2015-04-24 14:43:23,
915699937,消失的爱人,,https://img9.doubanio.com/view/photo/m_ratio_poster/public/p2221768894.jpg,2014-09-26(纽约电影节),https://movie.douban.com/subject/21318488/,8.7,"剧情,悬疑,惊悚",5,,,2015-04-23 21:00:54,
915483609,未知电视剧,,https://img2.doubanio.com/f/frodo/568eb8fac54d39fe599b0de8c3f2aee1dbc43cf0/pics/subject/tv_large.jpg,,https://movie.douban.com/subject/3814389/,0,,3,,,2015-04-23 00:45:30,
915163760,马利和我,,https://img1.doubanio.com/view/photo/m_ratio_poster/public/p957046790.jpg,2008-12-25(美国),https://movie.douban.com/subject/2297275/,7.9,"剧情,喜剧,爱情",4,,,2015-04-21 22:57:31,
914922338,狗狗旅馆,,https://img2.doubanio.com/view/photo/m_ratio_poster/public/p1038834531.jpg,2009-01-16,https://movie.douban.com/subject/2134285/,7.5,"喜剧,家庭",4,,,2015-04-21 00:02:40,
912694134,测量世界,,https://img1.doubanio.com/view/photo/m_ratio_poster/public/p1720663087.jpg,2012-10-25(德国),https://movie.douban.com/subject/4221475/,7.3,剧情,3,,,2015-04-19 00:11:38,
913843271,命运之夜 无限剑制,,https://img1.doubanio.com/view/photo/m_ratio_poster/public/p2220182517.jpg,2014-10-04(日本),https://movie.douban.com/subject/24857860/,8.7,"剧情,爱情,动画",4,,,2015-04-17 21:22:18,
913278176,未知电影,,https://img2.doubanio.com/f/frodo/753fa1e93c945e533e52dddab73b2b55a1083083/pics/subject/movie_large.jpg,,https://movie.douban.com/subject/11614286/,0,,3,,,2015-04-15 23:41:01,
912492419,一路惊喜,,https://img2.doubanio.com/view/photo/m_ratio_poster/public/p2223445941.jpg,2015-02-06(中国大陆),https://movie.douban.com/subject/25880244/,5.2,"喜剧,爱情,家庭",3,,,2015-04-13 17:50:10,
909761423,王牌特工：特工学院,,https://img9.doubanio.com/view/photo/m_ratio_poster/public/p2231932406.jpg,2015-03-27(中国大陆),https://movie.douban.com/subject/24405378/,8.4,"喜剧,动作,冒险",4,,,2015-04-05 16:56:13,
907694250,寄生兽 生命的准则,,https://img1.doubanio.com/view/photo/m_ratio_poster/public/p2193321858.jpg,2014-10-08(日本),https://movie.douban.com/subject/25774052/,9.2,"剧情,科幻,动画",4,,,2015-03-29 22:32:52,
907693161,记录的地平线 第二季,,https://img2.doubanio.com/view/photo/m_ratio_poster/public/p2203300951.jpg,2014-10-04(日本),https://movie.douban.com/subject/25851661/,8.2,动画,4,,,2015-03-29 22:30:40,
907692694,ALDNOAH.ZERO 第二季,,https://img1.doubanio.com/view/photo/m_ratio_poster/public/p2227329010.jpg,2015-01-10(日本),https://movie.douban.com/subject/25980253/,6,"动作,科幻,动画",4,,,2015-03-29 22:29:39,
907316133,幸福迷途,,https://img9.doubanio.com/view/photo/m_ratio_poster/public/p1706582935.jpg,2012-11-09(中国大陆),https://movie.douban.com/subject/10567087/,5.2,"剧情,爱情",2,,,2015-03-28 21:13:36,
907122082,我是歌手 第三季,,https://img1.doubanio.com/view/photo/m_ratio_poster/public/p2218651887.jpg,2015-01-02(中国大陆),https://movie.douban.com/subject/26261185/,7.5,"音乐,真人秀",3,韩红还是有这个实力拿第一的，不过大家共赢就好啦，不要在意歌王这个细节了😂,,2015-03-28 10:36:06,
904958917,焦点,,https://img1.doubanio.com/view/photo/m_ratio_poster/public/p2228702598.jpg,2015-02-27(美国),https://movie.douban.com/subject/20277433/,6.9,"剧情,喜剧,犯罪",3,,,2015-03-21 00:55:47,
904593577,太平轮(上),,https://img1.doubanio.com/view/photo/m_ratio_poster/public/p2212075889.jpg,2014-12-02(中国大陆),https://movie.douban.com/subject/3078390/,6,"剧情,爱情,战争",2,,,2015-03-19 21:27:35,
904334852,我的早更女友,,https://img2.doubanio.com/view/photo/m_ratio_poster/public/p2214812972.jpg,2014-12-12(中国大陆),https://movie.douban.com/subject/25834473/,5.5,"喜剧,爱情",3,,,2015-03-18 22:46:51,
904301167,尚衣院,,https://img2.doubanio.com/view/photo/m_ratio_poster/public/p2233310663.jpg,2014-12-24(韩国),https://movie.douban.com/subject/25800269/,6.6,剧情,3,,,2015-03-18 21:13:54,
904227999,黄飞鸿之英雄有梦,,https://img1.doubanio.com/view/photo/m_ratio_poster/public/p2209287190.jpg,2014-11-21(中国大陆),https://movie.douban.com/subject/25444447/,5.7,"剧情,动作,爱情",3,,,2015-03-18 16:37:37,
903939686,重返20岁,,https://img1.doubanio.com/view/photo/m_ratio_poster/public/p2216353367.jpg,2015-01-08(中国大陆),https://movie.douban.com/subject/25870084/,7.1,"喜剧,爱情,奇幻",4,,,2015-03-17 16:52:01,
903442763,马达加斯加的企鹅,,https://img9.doubanio.com/view/photo/m_ratio_poster/public/p2208592166.jpg,2014-11-14(中国大陆),https://movie.douban.com/subject/11810348/,7.7,"喜剧,动画,冒险",3,,,2015-03-15 23:08:04,
903369239,单身男女2,,https://img2.doubanio.com/view/photo/m_ratio_poster/public/p2209656483.jpg,2014-11-11(中国大陆),https://movie.douban.com/subject/21359619/,5.5,"喜剧,爱情",3,,,2015-03-15 20:16:32,
903155342,中国好歌曲 第二季,,https://img1.doubanio.com/view/photo/m_ratio_poster/public/p2220173907.jpg,2015-01-02(中国大陆),https://movie.douban.com/subject/26268581/,8.5,"音乐,真人秀",4,,,2015-03-15 09:44:46,
903099596,帕丁顿熊,,https://img9.doubanio.com/view/photo/m_ratio_poster/public/p2231740424.jpg,2015-03-05(中国大陆),https://movie.douban.com/subject/2998373/,7.8,"喜剧,动画,家庭",4,,,2015-03-15 00:42:50,
902717420,博物馆奇妙夜3,,https://img9.doubanio.com/view/photo/m_ratio_poster/public/p2219665256.jpg,2015-01-04(中国大陆),https://movie.douban.com/subject/21349734/,7.3,"喜剧,奇幻,冒险",3,,,2015-03-13 22:43:59,
902616007,一个人的武林,,https://img1.doubanio.com/view/photo/m_ratio_poster/public/p2206992257.jpg,2014-10-31(中国大陆),https://movie.douban.com/subject/24695277/,6.6,"动作,惊悚",3,,,2015-03-13 17:00:00,
902574431,匆匆那年,,https://img1.doubanio.com/view/photo/m_ratio_poster/public/p2212273919.jpg,2014-12-05(中国大陆),https://movie.douban.com/subject/25779218/,5.6,爱情,3,,,2015-03-13 14:31:24,
902010344,战场上的快乐圣诞,,https://img1.doubanio.com/view/photo/m_ratio_poster/public/p2630100110.jpg,1983-05-11(戛纳电影节),https://movie.douban.com/subject/1303535/,8.8,"剧情,同性,战争",3,,,2015-03-11 15:04:52,
901760828,超能陆战队,,https://img2.doubanio.com/view/photo/m_ratio_poster/public/p2614500883.jpg,2015-02-28(中国大陆),https://movie.douban.com/subject/11026735/,8.7,"喜剧,动作,科幻",5,超喜欢老哥！,,2015-03-10 17:49:53,
901110708,偷狗的完美方法,,https://img2.doubanio.com/view/photo/m_ratio_poster/public/p2214375972.jpg,2014-12-31(韩国),https://movie.douban.com/subject/25834457/,7.3,"剧情,家庭",4,,,2015-03-08 18:14:17,
900854211,木星上行,,https://img9.doubanio.com/view/photo/m_ratio_poster/public/p2230222544.jpg,2015-03-06(中国大陆),https://movie.douban.com/subject/5154799/,5.5,"动作,科幻,冒险",3,剧情这么生硬真的好么=_=!,,2015-03-07 22:42:52,
898428763,好大一个家,,https://img2.doubanio.com/view/photo/m_ratio_poster/public/p2200730742.jpg,2015-01-27(中国大陆),https://movie.douban.com/subject/24180071/,7.4,喜剧,4,,,2015-02-28 19:18:31,
895026586,美人制造,,https://img2.doubanio.com/view/photo/m_ratio_poster/public/p2198379541.jpg,2014-09-07(中国大陆),https://movie.douban.com/subject/25907101/,6.6,"剧情,爱情,悬疑",2,,,2015-02-19 20:13:28,
891423717,暴徒三兄弟,,https://img1.doubanio.com/view/photo/m_ratio_poster/public/p2499389679.jpg,2004-06-16,https://movie.douban.com/subject/1437097/,6.7,"剧情,同性",3,,,2015-02-08 07:07:26,
888614981,异能,,https://img9.doubanio.com/view/photo/m_ratio_poster/public/p775067015.jpg,2009-02-06(加拿大),https://movie.douban.com/subject/1946776/,6,"动作,科幻,惊悚",3,,,2015-01-30 22:56:14,
888613991,我的个神啊,,https://img2.doubanio.com/view/photo/m_ratio_poster/public/p2243803873.jpg,2015-05-22(中国大陆),https://movie.douban.com/subject/10741643/,8.4,"喜剧,奇幻",5,,,2015-01-30 22:53:46,
886729641,一步之遥,,https://img9.doubanio.com/view/photo/m_ratio_poster/public/p2210853894.jpg,2014-12-18(中国大陆),https://movie.douban.com/subject/6126442/,6.6,"剧情,喜剧,动作",3,,,2015-01-25 16:32:20,
886394967,霍比特人3：五军之战,,https://img9.doubanio.com/view/photo/m_ratio_poster/public/p2219406504.jpg,2015-01-23(中国大陆),https://movie.douban.com/subject/2973079/,8.6,"动作,奇幻,冒险",3,,,2015-01-24 18:31:56,
885120709,K,,https://img9.doubanio.com/view/photo/m_ratio_poster/public/p2161514326.jpg,2012-10-05(日本),https://movie.douban.com/subject/10545923/,7.6,动画,4,,,2015-01-20 20:32:10,
882683305,浪客剑心：传说的完结篇,,https://img9.doubanio.com/view/photo/m_ratio_poster/public/p2194586665.jpg,2014-09-13(日本),https://movie.douban.com/subject/24845116/,8.2,"剧情,动作",3,,,2015-01-13 20:44:20,
882048742,夜行者,,https://img9.doubanio.com/view/photo/m_ratio_poster/public/p2203693875.jpg,2014-09-05(多伦多电影节),https://movie.douban.com/subject/25750969/,8.3,"剧情,惊悚,犯罪",3,,,2015-01-12 08:59:18,
879323086,名侦探柯南：江户川柯南失踪事件 史上最惨的两天,,https://img1.doubanio.com/view/photo/m_ratio_poster/public/p2219202300.jpg,2014-12-26(日本),https://movie.douban.com/subject/26087473/,7.3,"剧情,动画",3,,,2015-01-05 02:09:43,
878773840,未知电影,,https://img2.doubanio.com/f/frodo/753fa1e93c945e533e52dddab73b2b55a1083083/pics/subject/movie_large.jpg,,https://movie.douban.com/subject/23034934/,0,,3,,,2015-01-03 21:00:18,
875813381,关于完全听不懂老公在说什么的事,,https://img9.doubanio.com/view/photo/m_ratio_poster/public/p2204677885.jpg,2014-10-03(日本),https://movie.douban.com/subject/25901415/,8.1,"喜剧,动画,短片",4,,,2014-12-27 15:17:03,
874741184,智取威虎山,,https://img9.doubanio.com/view/photo/m_ratio_poster/public/p2215164906.jpg,2014-12-23(中国大陆),https://movie.douban.com/subject/10807909/,7.7,"剧情,动作,战争",2,,,2014-12-24 23:10:27,
873629146,刀剑神域2,,https://img2.doubanio.com/view/photo/m_ratio_poster/public/p2210575733.jpg,2014-08-09(中国香港),https://movie.douban.com/subject/25804168/,7.7,动画,4,,,2014-12-21 14:31:37,
873158803,未知电视剧,,https://img2.doubanio.com/f/frodo/568eb8fac54d39fe599b0de8c3f2aee1dbc43cf0/pics/subject/tv_large.jpg,,https://movie.douban.com/subject/24857863/,0,,4,,,2014-12-19 23:41:36,
872590485,火星异种,,https://img1.doubanio.com/view/photo/m_ratio_poster/public/p2204699100.jpg,2014-09-26(日本),https://movie.douban.com/subject/25825458/,7.3,"科幻,动画",3,,,2014-12-18 00:15:47,
872303349,魁拔Ⅲ战神崛起,,https://img2.doubanio.com/view/photo/m_ratio_poster/public/p2202613921.jpg,2014-10-01(中国大陆),https://movie.douban.com/subject/24723061/,8.6,"动作,动画,奇幻",4,,,2014-12-17 00:13:45,
871586171,浪客剑心：京都大火篇,,https://img9.doubanio.com/view/photo/m_ratio_poster/public/p2184443605.jpg,2014-08-01(日本),https://movie.douban.com/subject/24845115/,8.1,"动作,古装",3,,,2014-12-14 17:11:30,
871142571,嫌疑人X的献身,,https://img1.doubanio.com/view/photo/m_ratio_poster/public/p698531629.jpg,2008-10-04(日本),https://movie.douban.com/subject/2369845/,8.4,"剧情,悬疑,犯罪",4,,,2014-12-13 05:29:37,
871136833,盲点,,https://img1.doubanio.com/view/photo/m_ratio_poster/public/p2575463540.jpg,2006-02-15,https://movie.douban.com/subject/2080753/,6.9,剧情,3,,,2014-12-13 03:29:56,
869788432,彗星来的那一夜,,https://img9.doubanio.com/view/photo/m_ratio_poster/public/p2187896734.jpg,2013-09-19(奇幻电影节),https://movie.douban.com/subject/25807345/,8.5,"科幻,悬疑,惊悚",3,,,2014-12-08 01:59:42,
869199127,再次出发之纽约遇见你,,https://img2.doubanio.com/view/photo/m_ratio_poster/public/p2250287733.jpg,2015-06-26(中国大陆),https://movie.douban.com/subject/6874403/,8.6,"喜剧,爱情,音乐",4,卧槽，又是走心的歌！,,2014-12-06 08:15:56,
867086964,无限斯特拉托斯2：世界清洗篇,,https://img2.doubanio.com/view/photo/m_ratio_poster/public/p2200583721.jpg,2014-11-26(日本),https://movie.douban.com/subject/25796165/,6.8,"剧情,动画",3,,,2014-11-28 21:51:13,
866288142,移动迷宫,,https://img1.doubanio.com/view/photo/m_ratio_poster/public/p2201485029.jpg,2014-10-28(中国大陆),https://movie.douban.com/subject/21349345/,7.1,"动作,科幻,冒险",3,,,2014-11-25 23:59:11,
866229453,好朋友们,,https://img1.doubanio.com/view/photo/m_ratio_poster/public/p2187159568.jpg,2014-07-10(韩国),https://movie.douban.com/subject/25780578/,7.6,"剧情,犯罪",4,,,2014-11-25 21:05:21,
865331409,未知电影,,https://img2.doubanio.com/f/frodo/753fa1e93c945e533e52dddab73b2b55a1083083/pics/subject/movie_large.jpg,,https://movie.douban.com/subject/2993846/,0,,3,,,2014-11-22 23:32:55,
864167953,银河护卫队,,https://img2.doubanio.com/view/photo/m_ratio_poster/public/p2198455702.jpg,2014-10-10(中国大陆),https://movie.douban.com/subject/7065154/,8.1,"动作,科幻,冒险",3,,,2014-11-19 01:05:41,
862821738,星际穿越,,https://img1.doubanio.com/view/photo/m_ratio_poster/public/p2614988097.jpg,2014-11-12(中国大陆),https://movie.douban.com/subject/1889243/,9.4,"剧情,科幻,冒险",4,,,2014-11-14 23:23:19,
860610382,弗兰克,,https://img9.doubanio.com/view/photo/m_ratio_poster/public/p2195768476.jpg,2014-01-17(圣丹斯电影节),https://movie.douban.com/subject/10763928/,7.9,"剧情,喜剧,音乐",2,,,2014-11-06 23:43:27,
860118850,精子捐赠者,,https://img1.doubanio.com/view/photo/m_ratio_poster/public/p1522052150.jpg,2012-04-20,https://movie.douban.com/subject/10605948/,6.3,"喜剧,爱情",3,,,2014-11-05 00:10:14,
858218609,出轨幻想,,https://img9.doubanio.com/view/photo/m_ratio_poster/public/p2184727114.jpg,2014-06-20(美国),https://movie.douban.com/subject/10749958/,6.9,"剧情,爱情",3,,,2014-10-29 00:24:50,
857271434,亡命地中海,,https://img2.doubanio.com/view/photo/m_ratio_poster/public/p2220650293.jpg,2015-01-10(中国大陆),https://movie.douban.com/subject/10461681/,6,惊悚,3,,,2014-10-25 23:29:48,
856919900,神笔马良,,https://img1.doubanio.com/view/photo/m_ratio_poster/public/p2190384370.jpg,2014-07-25(中国大陆),https://movie.douban.com/subject/25832758/,6,"动画,奇幻",1,,,2014-10-24 22:30:08,
856663469,秦时明月之龙腾万里,,https://img9.doubanio.com/view/photo/m_ratio_poster/public/p1994460614.jpg,2014-08-08(中国大陆),https://movie.douban.com/subject/6721670/,6.9,"动画,奇幻,冒险",2,,,2014-10-24 01:27:12,
855901035,猩球崛起2：黎明之战,,https://img9.doubanio.com/view/photo/m_ratio_poster/public/p2196211285.jpg,2014-08-29(中国大陆),https://movie.douban.com/subject/7046723/,7.7,"剧情,动作,科幻",4,,,2014-10-21 16:06:28,
855877089,四大名捕大结局,,https://img2.doubanio.com/view/photo/m_ratio_poster/public/p2194662832.jpg,2014-08-22(中国大陆),https://movie.douban.com/subject/10604893/,5.2,"动作,爱情,悬疑",3,,,2014-10-21 14:31:51,
854824527,白雪公主杀人事件,,https://img2.doubanio.com/view/photo/m_ratio_poster/public/p2176900061.jpg,2014-03-29(日本),https://movie.douban.com/subject/24858414/,7.5,"剧情,悬疑",4,,,2014-10-18 00:19:14,
854569080,飞行员的妻子,,https://img2.doubanio.com/view/photo/m_ratio_poster/public/p2201353791.jpg,1981-03-04,https://movie.douban.com/subject/1296976/,8.2,"剧情,喜剧,爱情",3,,,2014-10-17 00:15:17,
854328406,一切很安静,,https://img1.doubanio.com/view/photo/m_ratio_poster/public/p1957000168.jpg,2013-04-25(荷兰),https://movie.douban.com/subject/20520455/,7,剧情,3,,,2014-10-16 07:36:46,
854295740,王子,,https://img2.doubanio.com/view/photo/m_ratio_poster/public/p2190139012.jpg,2014-08-22(美国),https://movie.douban.com/subject/2968852/,4.4,"动作,惊悚",3,,,2014-10-15 23:57:28,
854011630,沉睡魔咒,,https://img2.doubanio.com/view/photo/m_ratio_poster/public/p2185343341.jpg,2014-06-20(中国大陆),https://movie.douban.com/subject/4301224/,7.4,"奇幻,冒险",3,,,2014-10-14 22:44:21,
853791316,死亡真相,,https://img1.doubanio.com/view/photo/m_ratio_poster/public/p2266721469.jpg,2008-06-09,https://movie.douban.com/subject/3155085/,7.1,"剧情,悬疑,犯罪",3,,,2014-10-14 02:51:04,
853770462,京城81号,,https://img9.doubanio.com/view/photo/m_ratio_poster/public/p2187047385.jpg,2014-07-18(中国大陆),https://movie.douban.com/subject/20513061/,4.8,"剧情,悬疑,恐怖",2,,,2014-10-13 23:57:48,
853739815,系统震撼,,https://img9.doubanio.com/view/photo/m_ratio_poster/public/p2522653054.jpg,2006-08-04,https://movie.douban.com/subject/1974101/,7.3,"剧情,悬疑,犯罪",3,,,2014-10-13 22:26:21,
853493107,敢死队3,,https://img9.doubanio.com/view/photo/m_ratio_poster/public/p2196328516.jpg,2014-09-01(中国大陆),https://movie.douban.com/subject/11610281/,6.9,"动作,惊悚,冒险",3,,,2014-10-13 00:02:20,
853438010,白发魔女传之明月天国,,https://img9.doubanio.com/view/photo/m_ratio_poster/public/p2190764206.jpg,2014-07-31(中国大陆),https://movie.douban.com/subject/10807916/,3.8,"动作,爱情,奇幻",2,,,2014-10-12 21:43:30,
853344531,三号嫌疑犯,,https://img9.doubanio.com/view/photo/m_ratio_poster/public/p2173494785.jpg,2005-07-07(费城同性恋电影节),https://movie.douban.com/subject/1849933/,7.6,"悬疑,同性,犯罪",3,,,2014-10-12 16:38:06,
853204307,心花路放,,https://img2.doubanio.com/view/photo/m_ratio_poster/public/p2221061003.jpg,2014-09-30(中国大陆),https://movie.douban.com/subject/25717233/,7.2,"喜剧,爱情",3,,,2014-10-12 01:29:31,
852898823,四大名捕2,,https://img1.doubanio.com/view/photo/m_ratio_poster/public/p2158164038.jpg,2013-12-06(中国大陆),https://movie.douban.com/subject/10604892/,5.3,"动作,悬疑,奇幻",2,,,2014-10-11 00:23:43,
851471474,后会无期,,https://img9.doubanio.com/view/photo/m_ratio_poster/public/p2195469915.jpg,2014-07-24(中国大陆),https://movie.douban.com/subject/25805741/,7.2,剧情,3,,,2014-10-06 10:44:27,
851396607,超体,,https://img9.doubanio.com/view/photo/m_ratio_poster/public/p2201909284.jpg,2014-10-24(中国大陆),https://movie.douban.com/subject/24404677/,7.4,"动作,科幻",3,,,2014-10-06 00:55:13,
851082370,驯龙高手2,,https://img1.doubanio.com/view/photo/m_ratio_poster/public/p2192713707.jpg,2014-08-14(中国大陆),https://movie.douban.com/subject/4824512/,8.1,"动画,奇幻,冒险",3,,,2014-10-05 00:24:46,
850941473,龙之谷：破晓奇兵,,https://img2.doubanio.com/view/photo/m_ratio_poster/public/p2575693162.jpg,2014-07-31(中国大陆),https://movie.douban.com/subject/11443316/,7.7,"动画,奇幻,冒险",3,,,2014-10-04 17:21:29,
850844830,爸爸去哪儿 第二季,,https://img9.doubanio.com/view/photo/m_ratio_poster/public/p2187165676.jpg,2014-06-20(中国大陆),https://movie.douban.com/subject/25826679/,7.7,"家庭,儿童,真人秀",4,,,2014-10-04 10:40:26,
850623992,名侦探柯南：异次元的狙击手,,https://img1.doubanio.com/view/photo/m_ratio_poster/public/p2879609227.jpg,2014-04-19(日本),https://movie.douban.com/subject/25782633/,6.9,"动画,悬疑,犯罪",3,,,2014-10-03 15:26:19,
850570190,恋爱舞台,,https://img9.doubanio.com/view/photo/m_ratio_poster/public/p2273176465.jpg,2014-07-09(日本),https://movie.douban.com/subject/24721406/,7.1,"剧情,动画,同性",3,,,2014-10-03 11:33:01,
850569947,未知电视剧,,https://img2.doubanio.com/f/frodo/568eb8fac54d39fe599b0de8c3f2aee1dbc43cf0/pics/subject/tv_large.jpg,,https://movie.douban.com/subject/25813403/,0,,3,,,2014-10-03 11:31:57,
850569873,日本国有铁道公安队,,https://img1.doubanio.com/view/photo/m_ratio_poster/public/p2193411870.jpg,2014-07-04(日本),https://movie.douban.com/subject/25799444/,6.2,"剧情,动画",3,,,2014-10-03 11:31:34,
850569790,戏剧性谋杀,,https://img2.doubanio.com/view/photo/m_ratio_poster/public/p2180556053.jpg,2014-07-06(日本),https://movie.douban.com/subject/25851662/,6.2,"动画,悬疑",3,,,2014-10-03 11:31:15,
850569693,未知电视剧,,https://img2.doubanio.com/f/frodo/568eb8fac54d39fe599b0de8c3f2aee1dbc43cf0/pics/subject/tv_large.jpg,,https://movie.douban.com/subject/25905737/,0,,3,,,2014-10-03 11:30:49,
850569555,未知电视剧,,https://img2.doubanio.com/f/frodo/568eb8fac54d39fe599b0de8c3f2aee1dbc43cf0/pics/subject/tv_large.jpg,,https://movie.douban.com/subject/25851541/,0,,3,,,2014-10-03 11:30:09,
850569473,滨虎 第二季,,https://img9.doubanio.com/view/photo/m_ratio_poster/public/p2181250574.jpg,2014-07-07(日本),https://movie.douban.com/subject/25861691/,6.6,动画,3,,,2014-10-03 11:29:46,
850569319,ALDNOAH.ZERO,,https://img2.doubanio.com/view/photo/m_ratio_poster/public/p2190898443.jpg,2014-07-06(日本),https://movie.douban.com/subject/25831658/,7.6,"科幻,动画,战争",3,,,2014-10-03 11:29:07,
850569182,男子游泳部 第二季,,https://img9.doubanio.com/view/photo/m_ratio_poster/public/p2199327675.jpg,2014-07-02(日本),https://movie.douban.com/subject/25819704/,8.1,"剧情,动画,运动",3,,,2014-10-03 11:28:29,
850569070,元气囝仔,,https://img1.doubanio.com/view/photo/m_ratio_poster/public/p2186255728.jpg,2014-07-06(日本),https://movie.douban.com/subject/25731203/,9.3,"剧情,动画",3,,,2014-10-03 11:28:00,
843772444,四大名捕,,https://img9.doubanio.com/view/photo/m_ratio_poster/public/p1607300196.jpg,2012-07-12(中国大陆),https://movie.douban.com/subject/6124012/,5.4,"动作,爱情,悬疑",2,,,2014-09-07 23:34:46,
843465712,机械心,,https://img2.doubanio.com/view/photo/m_ratio_poster/public/p2167571462.jpg,2013-11-17(阿拉斯加电影节),https://movie.douban.com/subject/3001149/,8,"剧情,动画,冒险",3,,,2014-09-07 00:22:25,
843399015,绣春刀,,https://img2.doubanio.com/view/photo/m_ratio_poster/public/p2194066391.jpg,2014-08-07(中国大陆),https://movie.douban.com/subject/24745500/,7.7,"剧情,动作,武侠",3,,,2014-09-06 21:12:25,
843092630,畸形人,,https://img9.doubanio.com/view/photo/m_ratio_poster/public/p2389174006.jpg,1932-02-20,https://movie.douban.com/subject/1295942/,7.9,"剧情,恐怖",3,,,2014-09-05 18:11:47,
842935995,明日边缘,,https://img1.doubanio.com/view/photo/m_ratio_poster/public/p2185073849.jpg,2014-06-06(中国大陆),https://movie.douban.com/subject/4746257/,8.2,"动作,科幻",4,,,2014-09-05 01:01:16,
842683722,荷包蛋的蛋黄啥时戳破好？,,https://img9.doubanio.com/view/photo/m_ratio_poster/public/p2190780374.jpg,2014-08-04(日本),https://movie.douban.com/subject/25884576/,7.8,"喜剧,动画",3,,,2014-09-04 02:58:52,
842404022,未知电影,,https://img2.doubanio.com/f/frodo/753fa1e93c945e533e52dddab73b2b55a1083083/pics/subject/movie_large.jpg,,https://movie.douban.com/subject/20427091/,0,,3,,,2014-09-03 01:05:03,
842341290,白熊咖啡馆,,https://img1.doubanio.com/view/photo/m_ratio_poster/public/p2554144870.jpg,2012-04-05(日本),https://movie.douban.com/subject/10527294/,8.7,动画,5,,,2014-09-02 21:30:11,
841050571,她,,https://img1.doubanio.com/view/photo/m_ratio_poster/public/p2166850749.jpg,2013-10-12(纽约电影节),https://movie.douban.com/subject/6722879/,8.4,"剧情,爱情,科幻",3,,,2014-08-29 15:45:28,
840575191,布达佩斯大饭店,,https://img2.doubanio.com/view/photo/m_ratio_poster/public/p2178872593.jpg,2014-02-06(柏林电影节),https://movie.douban.com/subject/11525673/,8.9,"剧情,喜剧,冒险",3,看不懂！,,2014-08-27 23:08:14,
840244236,超凡蜘蛛侠2,,https://img2.doubanio.com/view/photo/m_ratio_poster/public/p2179858051.jpg,2014-05-04(中国大陆),https://movie.douban.com/subject/6082518/,7.7,"动作,科幻,奇幻",3,,,2014-08-26 22:54:19,
835986719,中学生圆山,,https://img9.doubanio.com/view/photo/m_ratio_poster/public/p1792394674.jpg,2013-05-18(日本),https://movie.douban.com/subject/11226073/,7.1,"喜剧,悬疑",3,脑洞太大了完全不能理解什么的啊,,2014-08-14 00:02:39,
835301668,少年时代,,https://img9.doubanio.com/view/photo/m_ratio_poster/public/p2187391526.jpg,2014-01-19(圣丹斯电影节),https://movie.douban.com/subject/2209575/,8.5,"剧情,家庭",5,这部电影让我明白了原来和父母相处的模式原来是这样的。“结婚，生子，离婚，大学，剩下的还有什么，剩下的就是我的葬礼！”,,2014-08-11 23:49:58,
834615803,整容日记,,https://img2.doubanio.com/view/photo/m_ratio_poster/public/p2174794423.jpg,2014-04-04(中国大陆),https://movie.douban.com/subject/11614603/,4.7,"喜剧,爱情",3,,,2014-08-10 00:45:25,
834586576,归来,,https://img9.doubanio.com/view/photo/m_ratio_poster/public/p2181207835.jpg,2014-05-16(中国大陆),https://movie.douban.com/subject/21352814/,8,"剧情,爱情,历史",4,一个黑暗的年代，造就了多少支离破碎的家庭，一个黑暗的年代，让多少人天各一方。,,2014-08-09 23:28:31,
834563232,中国超人,,https://img2.doubanio.com/view/photo/m_ratio_poster/public/p2266399072.jpg,1975-08-01,https://movie.douban.com/subject/1308377/,5.8,"动作,科幻",2,校网还有这种片子只能说网管的口味果然很独特呢....,,2014-08-09 22:38:56,
834378589,异国色恋浪漫谭,,https://img1.doubanio.com/view/photo/m_ratio_poster/public/p2503152838.jpg,2007-12-21(日本),https://movie.douban.com/subject/2365079/,7.5,"动画,同性",3,,,2014-08-09 13:20:56,
834289260,心灵侦探 八云,,https://img1.doubanio.com/view/photo/m_ratio_poster/public/p2868727179.jpg,2010-10-03,https://movie.douban.com/subject/4189668/,6.8,"动画,悬疑",4,,,2014-08-09 02:12:21,
833947246,今天开始做魔王 第三季,,https://img9.doubanio.com/view/photo/m_ratio_poster/public/p2260268246.jpg,2008-04-03(日本),https://movie.douban.com/subject/3017326/,7.7,"剧情,动画",4,,,2014-08-08 01:12:18,
833947228,今天开始做魔王 第二季,,https://img9.doubanio.com/view/photo/m_ratio_poster/public/p2260268175.jpg,2005-04-02(日本),https://movie.douban.com/subject/2305535/,7.7,"剧情,动画",4,,,2014-08-08 01:12:10,
833947207,今天开始做魔王,,https://img2.doubanio.com/view/photo/m_ratio_poster/public/p2221050772.jpg,2004-04-03(日本),https://movie.douban.com/subject/1858192/,7.4,"动画,奇幻,冒险",4,,,2014-08-08 01:12:01,
833802460,催眠大师,,https://img1.doubanio.com/view/photo/m_ratio_poster/public/p2181062460.jpg,2014-04-29(中国大陆),https://movie.douban.com/subject/24743711/,7.6,"悬疑,惊悚",3,,,2014-08-07 17:28:10,
831396693,辩护人,,https://img9.doubanio.com/view/photo/m_ratio_poster/public/p2158166535.jpg,2013-12-18(韩国),https://movie.douban.com/subject/21937445/,9.2,剧情,4,,,2014-07-31 20:23:06,
831358887,滨虎,,https://img2.doubanio.com/view/photo/m_ratio_poster/public/p2161383813.jpg,2014-01-07(日本),https://movie.douban.com/subject/25743075/,6.8,"剧情,动画",3,最后一集……作者你赶快出来，我保证不打死你……,,2014-07-31 17:57:37,
831006297,人间·小团圆,,https://img9.doubanio.com/view/photo/m_ratio_poster/public/p2178995715.jpg,2014-05-08(中国大陆),https://movie.douban.com/subject/24736526/,5.5,剧情,3,心结,,2014-07-30 17:17:07,
828920549,卧虎藏龙,,https://img2.doubanio.com/view/photo/m_ratio_poster/public/p1507810991.jpg,2000-10-13(中国大陆),https://movie.douban.com/subject/1301168/,8.4,"剧情,爱情,武侠",3,,,2014-07-24 23:12:45,
828115341,诺亚方舟：创世之旅,,https://img1.doubanio.com/view/photo/m_ratio_poster/public/p2169342617.jpg,2014-03-10(墨西哥首映),https://movie.douban.com/subject/6959152/,5.9,"动作,冒险,灾难",3,,,2014-07-22 14:21:40,
827978449,危机解密,,https://img1.doubanio.com/view/photo/m_ratio_poster/public/p2097787328.jpg,2013-09-05(多伦多电影节),https://movie.douban.com/subject/11580479/,6.5,"剧情,传记",3,,,2014-07-21 23:28:21,
827330875,飓风营救2,,https://img2.doubanio.com/view/photo/m_ratio_poster/public/p1611003652.jpg,2012-10-07(中国大陆),https://movie.douban.com/subject/3606971/,6.9,"剧情,动作,犯罪",3,,,2014-07-19 22:30:46,
827298711,百日蔷薇：无仁义的肉球篇,,https://img1.doubanio.com/view/photo/m_ratio_poster/public/p2869646527.jpg,2009-05-29(日本),https://movie.douban.com/subject/24854269/,8.1,动画,3,,,2014-07-19 21:00:39,
827298465,百日蔷薇,,https://img1.doubanio.com/view/photo/m_ratio_poster/public/p2566702548.jpg,2009-05-20(日本),https://movie.douban.com/subject/3434575/,7.7,"剧情,动画",3,,,2014-07-19 20:59:47,
827193422,情定惠比寿,,https://img1.doubanio.com/view/photo/m_ratio_poster/public/p2188411507.jpg,2010-05-28(日本),https://movie.douban.com/subject/5359980/,6,"动画,同性",3,,,2014-07-19 14:22:25,
827190706,我们仍未知道那天所看见的花的名字 剧场版,,https://img2.doubanio.com/view/photo/m_ratio_poster/public/p1971347181.jpg,2013-08-31(日本),https://movie.douban.com/subject/11584024/,8.6,动画,4,,,2014-07-19 14:11:50,
827069453,偷盗艺术,,https://img9.doubanio.com/view/photo/m_ratio_poster/public/p2125431315.jpg,2013-09-11(多伦多电影节),https://movie.douban.com/subject/10460153/,6.6,喜剧,3,,,2014-07-18 23:07:07,
826534732,咱们结婚吧,,https://img2.doubanio.com/view/photo/m_ratio_poster/public/p2156593253.jpg,2013-11-06(中国大陆),https://movie.douban.com/subject/11577139/,7.4,"剧情,爱情,家庭",3,,,2014-07-17 08:44:21,
825094826,关上最后的门,,https://img9.doubanio.com/view/photo/m_ratio_poster/public/p2503146965.jpg,2007-03-23(日本),https://movie.douban.com/subject/3008977/,7.1,"动画,同性",3,,,2014-07-13 02:40:10,
824719293,一触即发,,https://img2.doubanio.com/view/photo/m_ratio_poster/public/p2165631381.jpg,2014-01-17(中国大陆),https://movie.douban.com/subject/3014957/,5.7,"剧情,动作,惊悚",3,,,2014-07-11 23:16:39,
823897157,美国队长2,,https://img1.doubanio.com/view/photo/m_ratio_poster/public/p2169912867.jpg,2014-04-04(中国大陆),https://movie.douban.com/subject/6390823/,8,"动作,科幻,冒险",4,,,2014-07-09 01:39:39,
823591104,里约大冒险2,,https://img1.doubanio.com/view/photo/m_ratio_poster/public/p2177142678.jpg,2014-04-11(中国大陆),https://movie.douban.com/subject/11443314/,7.7,"喜剧,动画,冒险",3,,,2014-07-08 00:32:43,
822889908,变形金刚3,,https://img2.doubanio.com/view/photo/m_ratio_poster/public/p1056093671.jpg,2011-07-21(中国大陆),https://movie.douban.com/subject/3610047/,7.2,"动作,科幻",3,,,2014-07-05 20:56:42,
822676221,变形金刚2,,https://img9.doubanio.com/view/photo/m_ratio_poster/public/p1829840016.jpg,2009-06-24(中国大陆),https://movie.douban.com/subject/2146991/,7.8,"动作,科幻",3,,,2014-07-05 01:27:30,
822026317,变形金刚,,https://img9.doubanio.com/view/photo/m_ratio_poster/public/p1188042816.jpg,2007-07-11(中国大陆),https://movie.douban.com/subject/1794171/,8.3,"动作,科幻",4,,,2014-07-02 22:46:13,
821954366,变形金刚4：绝迹重生,,https://img2.doubanio.com/view/photo/m_ratio_poster/public/p2187231762.jpg,2014-06-27(中国大陆),https://movie.douban.com/subject/7054604/,6.7,"动作,科幻",3,,,2014-07-02 18:22:50,
817595565,魔警,,https://img2.doubanio.com/view/photo/m_ratio_poster/public/p2177928873.jpg,2014-04-18(中国大陆),https://movie.douban.com/subject/20515977/,6.1,"动作,悬疑,惊悚",3,,,2014-06-19 00:05:16,
815619410,同桌的妳,,https://img9.doubanio.com/view/photo/m_ratio_poster/public/p2179302706.jpg,2014-04-25(中国大陆),https://movie.douban.com/subject/24843198/,6,"剧情,爱情",3,,,2014-06-12 16:04:13,
815472758,X战警：逆转未来,,https://img1.doubanio.com/view/photo/m_ratio_poster/public/p2181156848.jpg,2014-05-23(中国大陆),https://movie.douban.com/subject/10485647/,8.2,"剧情,动作,科幻",3,,,2014-06-12 01:21:43,
812359832,扫毒,,https://img1.doubanio.com/view/photo/m_ratio_poster/public/p2157480930.jpg,2013-11-29(中国大陆),https://movie.douban.com/subject/10763164/,7.6,"剧情,动作,悬疑",3,,,2014-06-02 01:07:03,
812190949,推理之绊,,https://img2.doubanio.com/view/photo/m_ratio_poster/public/p2518504511.jpg,2002-10-01(日本),https://movie.douban.com/subject/1940469/,7.1,"动画,悬疑,惊悚",2,,,2014-06-01 16:52:13,
812000105,救火英雄,,https://img9.doubanio.com/view/photo/m_ratio_poster/public/p2163316626.jpg,2014-01-03(中国大陆),https://movie.douban.com/subject/20443013/,7.3,"动作,灾难",4,,,2014-05-31 23:03:23,
811858277,安德的游戏,,https://img2.doubanio.com/view/photo/m_ratio_poster/public/p2164556643.jpg,2014-01-07(中国大陆),https://movie.douban.com/subject/5323957/,7.1,"动作,科幻,冒险",3,,,2014-05-31 14:56:18,
811750363,舌尖上的中国 第二季,,https://img1.doubanio.com/view/photo/m_ratio_poster/public/p2162088080.jpg,2014-04-18(中国大陆),https://movie.douban.com/subject/20502514/,8.6,纪录片,5,一路哭过来的情感大戏。,,2014-05-31 01:09:31,
810337684,石田和朝仓,,https://img1.doubanio.com/view/photo/m_ratio_poster/public/p2190190109.jpg,2013-01-06(日本),https://movie.douban.com/subject/20388462/,7,"剧情,动画",3,,,2014-05-26 06:47:35,
808407841,天上天下,,https://img2.doubanio.com/view/photo/m_ratio_poster/public/p2549385543.jpg,2004-04-01,https://movie.douban.com/subject/1940351/,7.1,"剧情,喜剧,动作",3,,,2014-05-19 16:00:38,
390144721,未知电视剧,,https://img2.doubanio.com/f/frodo/568eb8fac54d39fe599b0de8c3f2aee1dbc43cf0/pics/subject/tv_large.jpg,,https://movie.douban.com/subject/4740691/,0,,3,,,2014-05-18 15:30:24,
808084964,天才眼镜狗,,https://img1.doubanio.com/view/photo/m_ratio_poster/public/p2174250040.jpg,2014-03-28(中国大陆),https://movie.douban.com/subject/3101548/,7.6,"喜剧,科幻,动画",3,,,2014-05-18 15:28:49,
773122160,记录的地平线,,https://img2.doubanio.com/view/photo/m_ratio_poster/public/p2155042533.jpg,2013-10-05(日本),https://movie.douban.com/subject/21323283/,8.4,"剧情,动画",4,,,2014-05-02 15:55:03,
798952957,秋刀鱼之味,,https://img1.doubanio.com/view/photo/m_ratio_poster/public/p1995499987.jpg,1962-11-18(日本),https://movie.douban.com/subject/1294433/,8.7,"剧情,家庭",4,,,2014-04-21 00:05:55,
795622225,巨人传,,https://img1.doubanio.com/view/photo/m_ratio_poster/public/p2364423348.jpg,1956-11-24,https://movie.douban.com/subject/1298289/,8,"剧情,爱情,西部",4,,,2014-04-11 01:14:51,
794639696,四十七浪人,,https://img1.doubanio.com/view/photo/m_ratio_poster/public/p2157974527.jpg,2013-12-06(日本),https://movie.douban.com/subject/3326730/,5.7,"剧情,动作,奇幻",2,特么都什么玩意...,,2014-04-07 18:32:21,
793935704,我是歌手 第二季,,https://img2.doubanio.com/view/photo/m_ratio_poster/public/p2165221992.jpg,2014-01-03(中国大陆),https://movie.douban.com/subject/25804684/,7.8,"音乐,真人秀",4,,,2014-04-05 15:13:21,
793712718,私人订制,,https://img2.doubanio.com/view/photo/m_ratio_poster/public/p2159261731.jpg,2013-12-19(中国大陆),https://movie.douban.com/subject/10605978/,5.9,喜剧,3,,,2014-04-04 18:53:14,
793688876,前任攻略,,https://img2.doubanio.com/view/photo/m_ratio_poster/public/p2171886373.jpg,2014-01-31(中国大陆),https://movie.douban.com/subject/24751754/,6.1,"喜剧,爱情",3,,,2014-04-04 17:16:07,
792474069,起风了,,https://img1.doubanio.com/view/photo/m_ratio_poster/public/p1998028598.jpg,2013-07-20(日本),https://movie.douban.com/subject/6791750/,8.2,"剧情,爱情,动画",3,,,2014-03-31 14:01:46,
791797570,雪国列车,,https://img2.doubanio.com/view/photo/m_ratio_poster/public/p2173648321.jpg,2014-03-17(中国大陆),https://movie.douban.com/subject/3071441/,7.6,"剧情,动作,科幻",3,,,2014-03-29 17:51:02,
790663039,怦然心动的人生整理魔法,,https://img2.doubanio.com/view/photo/m_ratio_poster/public/p2554452641.jpg,2013-09-27(日本),https://movie.douban.com/subject/24522312/,7.3,剧情,4,,,2014-03-26 17:04:25,
790423038,白日焰火,,https://img1.doubanio.com/view/photo/m_ratio_poster/public/p2174645340.jpg,2014-03-21(中国大陆),https://movie.douban.com/subject/21941804/,7.6,"剧情,悬疑,犯罪",4,,,2014-03-25 20:31:51,
788631022,控制,,https://img9.doubanio.com/view/photo/m_ratio_poster/public/p2157764915.jpg,2013-11-22(中国大陆),https://movie.douban.com/subject/10604087/,5.8,"动作,科幻,悬疑",3,,,2014-03-21 00:19:04,
788054673,澳门风云,,https://img1.doubanio.com/view/photo/m_ratio_poster/public/p2167451620.jpg,2014-01-31(中国大陆),https://movie.douban.com/subject/11625097/,5.8,"喜剧,动作",3,,,2014-03-19 20:30:36,
786821433,火鸡总动员,,https://img1.doubanio.com/view/photo/m_ratio_poster/public/p2172931578.jpg,2014-03-07(中国大陆),https://movie.douban.com/subject/5154496/,6.1,"喜剧,动画,冒险",2,,,2014-03-16 19:03:50,
786232363,圣诞树,,https://img9.doubanio.com/view/photo/m_ratio_poster/public/p2187323604.jpg,2010-12-16(俄罗斯),https://movie.douban.com/subject/5915985/,7.9,喜剧,4,,,2014-03-15 11:53:37,
786143896,雷神2：黑暗世界,,https://img9.doubanio.com/view/photo/m_ratio_poster/public/p2156839164.jpg,2013-11-08(中国大陆),https://movie.douban.com/subject/6560058/,7.4,"动作,奇幻,冒险",3,,,2014-03-15 00:26:21,
784632154,我们仍未知道那天所看见的花的名字,,https://img2.doubanio.com/view/photo/m_ratio_poster/public/p886397891.jpg,2011-04-14(日本),https://movie.douban.com/subject/5397537/,8.8,"剧情,动画",5,,,2014-03-10 02:34:34,
784258231,指环王3：王者无敌,,https://img2.doubanio.com/view/photo/m_ratio_poster/public/p2642829472.jpg,2004-03-12(中国大陆),https://movie.douban.com/subject/1291552/,9.3,"剧情,动作,奇幻",3,,,2014-03-08 23:45:24,
784005179,时空恋旅人,,https://img9.doubanio.com/view/photo/m_ratio_poster/public/p2070153774.jpg,2013-09-04(英国),https://movie.douban.com/subject/10577869/,8.8,"喜剧,爱情,奇幻",3,享受当下，不要后悔。,,2014-03-08 10:45:25,
783901210,风暴,,https://img9.doubanio.com/view/photo/m_ratio_poster/public/p2160637375.jpg,2013-12-12(中国大陆),https://movie.douban.com/subject/20388198/,6.5,"动作,犯罪",3,,,2014-03-07 22:52:04,
783565345,警察故事2013,,https://img1.doubanio.com/view/photo/m_ratio_poster/public/p2161934790.jpg,2013-12-24(中国大陆),https://movie.douban.com/subject/20266753/,5.9,"剧情,动作,犯罪",3,,,2014-03-06 21:29:38,
782205364,指环王2：双塔奇兵,,https://img9.doubanio.com/view/photo/m_ratio_poster/public/p2640236255.jpg,2003-04-25(中国大陆),https://movie.douban.com/subject/1291572/,9.2,"剧情,动作,奇幻",4,,,2014-03-02 18:17:16,
781547927,霍比特人2：史矛革之战,,https://img9.doubanio.com/view/photo/m_ratio_poster/public/p2166784595.jpg,2014-02-21(中国大陆),https://movie.douban.com/subject/11606328/,8.5,"动作,奇幻,冒险",4,,,2014-02-28 18:19:35,
781341152,霍比特人1：意外之旅,,https://img9.doubanio.com/view/photo/m_ratio_poster/public/p2159038705.jpg,2013-02-22(中国大陆),https://movie.douban.com/subject/1966182/,8.4,"动作,奇幻,冒险",4,,,2014-02-27 22:49:17,
780524563,雪宝的鼻子,,https://img2.doubanio.com/view/photo/m_ratio_poster/public/p2170479492.jpg,2013-06-18(美国),https://movie.douban.com/subject/25829829/,8.6,"喜剧,动画,短片",4,你丫就是条狗吧一定是的!鹿什么的都是幻觉!,,2014-02-25 08:06:12,
780489555,中国好声音之为你转身,,https://img2.doubanio.com/view/photo/m_ratio_poster/public/p2163330003.jpg,2013-12-27(中国大陆),https://movie.douban.com/subject/25741108/,2.6,"剧情,爱情,音乐",1,要你一个小受去演异性恋什么的真是难为你了T_T,,2014-02-25 00:05:50,
780442178,饥饿游戏2：星火燎原,,https://img2.doubanio.com/view/photo/m_ratio_poster/public/p2156684911.jpg,2013-11-21(中国大陆),https://movie.douban.com/subject/6874456/,7.4,"动作,科幻,冒险",4,让帅哥的剧情多了，给好评！,,2014-02-24 21:58:26,
780268211,家园防线,,https://img2.doubanio.com/view/photo/m_ratio_poster/public/p2172920443.jpg,2014-03-14(中国大陆),https://movie.douban.com/subject/11601131/,6.5,"动作,惊悚,犯罪",3,男神和男神的对决！妈妈咪啊！,,2014-02-24 12:45:12,
780053692,虫师 蚀日之翳,,https://img1.doubanio.com/view/photo/m_ratio_poster/public/p2177142960.jpg,2014-01-04(日本),https://movie.douban.com/subject/25774760/,9.3,"动画,短片",4,,,2014-02-23 19:04:17,
780025830,舞乐传奇,,https://img2.doubanio.com/view/photo/m_ratio_poster/public/p2165426423.jpg,2013-12-31(中国大陆),https://movie.douban.com/subject/21759697/,8.7,"剧情,悬疑,历史",3,其实我觉得没想象中那么好啦，碟中谍的太多了，反而很想吐槽...,,2014-02-23 17:31:10,
778991480,冰雪奇缘,,https://img9.doubanio.com/view/photo/m_ratio_poster/public/p2166640945.jpg,2014-02-05(中国大陆),https://movie.douban.com/subject/4202982/,8.4,"喜剧,动画,歌舞",3,,,2014-02-20 11:46:30,
774622914,波西·杰克逊与魔兽之海,,https://img2.doubanio.com/view/photo/m_ratio_poster/public/p2011597123.jpg,2013-08-07(美国),https://movie.douban.com/subject/10439805/,5.9,"动作,奇幻,冒险",2,槽点太多,,2014-02-07 15:29:58,
773156459,夏目友人帐：曾几何时下雪之日,,https://img9.doubanio.com/view/photo/m_ratio_poster/public/p2151897085.jpg,2014-02-02(日本),https://movie.douban.com/subject/25736048/,9.4,"剧情,动画",3,,,2014-02-03 20:39:27,
773040008,结界师,,https://img9.doubanio.com/view/photo/m_ratio_poster/public/p2257390146.jpg,2006-10-20,https://movie.douban.com/subject/1998238/,8.2,"剧情,动画",3,,,2014-02-03 15:48:35,
771756674,虫师,,https://img1.doubanio.com/view/photo/m_ratio_poster/public/p2242716237.jpg,2005-10-22(日本),https://movie.douban.com/subject/1800597/,9.4,"剧情,动画,悬疑",4,,,2014-01-30 17:18:40,
770916607,猫鼠游戏,,https://img2.doubanio.com/view/photo/m_ratio_poster/public/p453924541.jpg,2003-04-11(中国大陆),https://movie.douban.com/subject/1305487/,9.1,"剧情,传记,犯罪",3,,,2014-01-27 22:18:59,
769538289,金蝉脱壳,,https://img2.doubanio.com/view/photo/m_ratio_poster/public/p2155236151.jpg,2013-11-04(中国大陆),https://movie.douban.com/subject/3025447/,7.8,"动作,惊悚",4,,,2014-01-23 17:01:46,
767981261,小红帽,,https://img9.doubanio.com/view/photo/m_ratio_poster/public/p2250462395.jpg,2005-12-16(美国),https://movie.douban.com/subject/1461351/,7.5,"喜剧,动画,奇幻",4,导演太牛逼了！剧情很丰富，电影该有的元素都有了！,,2014-01-18 21:46:33,
767866450,绝园的暴风雨,,https://img9.doubanio.com/view/photo/m_ratio_poster/public/p1728994605.jpg,2012-10-04(日本),https://movie.douban.com/subject/4202196/,7.7,"剧情,动画",3,,,2014-01-18 15:56:16,
763409967,无人区,,https://img9.doubanio.com/view/photo/m_ratio_poster/public/p2159072475.jpg,2013-12-03(中国大陆),https://movie.douban.com/subject/3804891/,8.3,"剧情,犯罪,西部",4,,,2014-01-05 18:32:00,
763237542,刀剑神域 Extra Edition,,https://img1.doubanio.com/view/photo/m_ratio_poster/public/p2190898669.jpg,2013-12-31(日本),https://movie.douban.com/subject/25805197/,6.8,动画,3,只是让我知道了有第二季而已，不过这个消息也够让人激动了啊T_T,,2014-01-05 09:45:02,
760525438,狩猎季节 第一季,,https://img9.doubanio.com/view/photo/m_ratio_poster/public/p2507986584.jpg,2012-09-12(美国),https://movie.douban.com/subject/19937154/,7,"喜剧,同性",3,,,2014-01-01 18:51:44,
759745182,自由坠落,,https://img9.doubanio.com/view/photo/m_ratio_poster/public/p1930212196.jpg,2013-02-08(柏林电影节),https://movie.douban.com/subject/20515394/,7.8,"剧情,爱情,同性",3,,,2013-12-31 09:29:19,
759244538,赤焰战场2,,https://img9.doubanio.com/view/photo/m_ratio_poster/public/p2157169324.jpg,2013-11-15(中国大陆),https://movie.douban.com/subject/7916027/,7.2,"喜剧,动作,犯罪",3,,,2013-12-29 21:20:18,
758483231,爸爸去哪儿 第一季,,https://img2.doubanio.com/view/photo/m_ratio_poster/public/p2153323323.jpg,2013-10-11(中国大陆),https://movie.douban.com/subject/25742294/,9.1,"家庭,儿童,真人秀",4,,,2013-12-28 16:13:29,
758202464,恶之教典,,https://img1.doubanio.com/view/photo/m_ratio_poster/public/p1636939310.jpg,2012-11-10(日本),https://movie.douban.com/subject/10537949/,7.1,惊悚,3,,,2013-12-27 22:51:25,
756680306,课长之恋,,https://img9.doubanio.com/view/photo/m_ratio_poster/public/p2503152376.jpg,2010-03-26(日本),https://movie.douban.com/subject/4678480/,7.5,"喜剧,动画,同性",3,,,2013-12-23 00:53:09,
756066639,冥界警局,,https://img2.doubanio.com/view/photo/m_ratio_poster/public/p1965136192.jpg,2013-07-19(美国),https://movie.douban.com/subject/3264229/,6.3,"喜剧,动作,犯罪",3,扯蛋的搞笑,,2013-12-21 11:16:32,
753713756,无限斯特拉托斯,,https://img9.doubanio.com/view/photo/m_ratio_poster/public/p2155043415.jpg,2011-01-06(日本),https://movie.douban.com/subject/4899557/,6.6,动画,2,后宫片啊！擦..这种东西居然还能动画化，居然还有第二季？！日本的男的到底在想神马……T_T,,2013-12-13 23:49:27,
753152798,地心引力,,https://img2.doubanio.com/view/photo/m_ratio_poster/public/p2159078612.jpg,2013-11-19(中国大陆),https://movie.douban.com/subject/3793783/,7.9,"科幻,惊悚,灾难",3,,,2013-12-11 23:56:20,
751852090,横道世之介,,https://img2.doubanio.com/view/photo/m_ratio_poster/public/p2021127692.jpg,2013-02-23(日本),https://movie.douban.com/subject/10484041/,8.8,"剧情,爱情",4,,,2013-12-07 22:15:17,
751731896,极乐空间,,https://img2.doubanio.com/view/photo/m_ratio_poster/public/p2091268902.jpg,2013-09-05(中国大陆),https://movie.douban.com/subject/4116481/,6.4,"剧情,动作,科幻",3,极乐空间..这东西..太想吐槽了,,2013-12-07 16:24:04,
750202660,薄樱鬼 雪华录,,https://img2.doubanio.com/view/photo/m_ratio_poster/public/p2509467513.jpg,2011-08-05(日本),https://movie.douban.com/subject/6223461/,7.6,动画,3,,,2013-12-02 10:53:34,
749995865,薄樱鬼,,https://img2.doubanio.com/view/photo/m_ratio_poster/public/p2868751041.jpg,2010-04-03(日本),https://movie.douban.com/subject/4300644/,7,"剧情,动画",4,看不得这种一个又一个的死去的场面，泪崩了..,,2013-12-01 18:30:18,
749238175,河童之夏,,https://img9.doubanio.com/view/photo/m_ratio_poster/public/p1015305516.jpg,2007-07-28(日本),https://movie.douban.com/subject/2982823/,8.7,"喜剧,动画,奇幻",3,,,2013-11-29 06:38:35,
748915257,魔界王子,,https://img1.doubanio.com/view/photo/m_ratio_poster/public/p1952734137.jpg,2013-07-07(日本),https://movie.douban.com/subject/20470415/,6.3,"剧情,动画",3,,,2013-11-27 22:42:08,
748572284,金刚狼2,,https://img2.doubanio.com/view/photo/m_ratio_poster/public/p2151837713.jpg,2013-10-17(中国大陆),https://movie.douban.com/subject/3718424/,6.6,"动作,科幻",3,,,2013-11-26 20:42:37,
747345416,激战,,https://img2.doubanio.com/view/photo/m_ratio_poster/public/p2052557343.jpg,2013-08-16(中国大陆),https://movie.douban.com/subject/20388223/,7.9,"剧情,动作,运动",4,,,2013-11-23 01:01:03,
746421410,现视研2,,https://img1.doubanio.com/view/photo/m_ratio_poster/public/p2111023108.jpg,2007-10-09(日本),https://movie.douban.com/subject/2330877/,8.7,动画,4,,,2013-11-20 00:31:37,
746421337,现视研 OVA,,https://img1.doubanio.com/view/photo/m_ratio_poster/public/p2509376177.jpg,2006-12-22(日本),https://movie.douban.com/subject/3223672/,8.4,"剧情,动画",4,,,2013-11-20 00:31:15,
746421307,现视研,,https://img1.doubanio.com/view/photo/m_ratio_poster/public/p2868015888.jpg,2004-10-22(日本),https://movie.douban.com/subject/1457575/,8.3,"喜剧,动画",3,,,2013-11-20 00:31:01,
744932337,暗之末裔,,https://img1.doubanio.com/view/photo/m_ratio_poster/public/p2516819338.jpg,2000-10-02(日本),https://movie.douban.com/subject/1827339/,7.5,"剧情,动画",2,,,2013-11-15 01:32:55,
741633052,极速蜗牛,,https://img2.doubanio.com/view/photo/m_ratio_poster/public/p2121756712.jpg,2013-09-18(中国大陆),https://movie.douban.com/subject/6070226/,7.4,"喜剧,动画,冒险",3,,,2013-11-03 19:48:06,
741427755,未来都市NO.6,,https://img2.doubanio.com/view/photo/m_ratio_poster/public/p1978033432.jpg,2011-07-07(日本),https://movie.douban.com/subject/5913028/,8.4,"科幻,动画",3,,人生,2013-11-03 01:39:27,
739761707,黑子的篮球,,https://img1.doubanio.com/view/photo/m_ratio_poster/public/p1809044978.jpg,2012-04-07(日本),https://movie.douban.com/subject/7163768/,7.9,动画,5,,,2013-10-28 22:33:38,
739499015,未知电视剧,,https://img2.doubanio.com/f/frodo/568eb8fac54d39fe599b0de8c3f2aee1dbc43cf0/pics/subject/tv_large.jpg,,https://movie.douban.com/subject/23748525/,0,,4,,,2013-10-27 23:46:57,
739498917,八犬传：东方八犬异闻  第二季,,https://img1.doubanio.com/view/photo/m_ratio_poster/public/p2023897657.jpg,2013-07-07(日本),https://movie.douban.com/subject/23045515/,8.2,"剧情,动画,同性",4,,,2013-10-27 23:46:39,
739210605,现视研 2代目,,https://img1.doubanio.com/view/photo/m_ratio_poster/public/p2020368748.jpg,2013-07-06(日本),https://movie.douban.com/subject/21320282/,8.4,"剧情,喜剧,动画",4,腐这个梗还真是…,,2013-10-27 02:04:02,
739022247,超人：钢铁之躯,,https://img2.doubanio.com/view/photo/m_ratio_poster/public/p1968975252.jpg,2013-06-20(中国大陆),https://movie.douban.com/subject/2049435/,7.3,"动作,科幻,冒险",3,,,2013-10-26 15:26:43,
738634750,男子游泳部 第一季,,https://img9.doubanio.com/view/photo/m_ratio_poster/public/p1967577956.jpg,2013-07-04(日本),https://movie.douban.com/subject/24381366/,7.9,"剧情,动画",4,,,2013-10-25 05:25:43,
738341629,速度与激情6,,https://img9.doubanio.com/view/photo/m_ratio_poster/public/p2024579845.jpg,2013-07-26(中国大陆),https://movie.douban.com/subject/6537500/,7.9,"动作,犯罪",3,,,2013-10-24 02:27:21,
738060742,绿箭侠 第一季,,https://img9.doubanio.com/view/photo/m_ratio_poster/public/p1755140696.jpg,2012-10-10(美国),https://movie.douban.com/subject/10527257/,7.5,"剧情,动作,冒险",3,,,2013-10-23 02:38:18,
736517528,未知电影,,https://img2.doubanio.com/f/frodo/753fa1e93c945e533e52dddab73b2b55a1083083/pics/subject/movie_large.jpg,,https://movie.douban.com/subject/20266812/,0,,3,,,2013-10-18 01:20:51,
736517160,未知电视剧,,https://img2.doubanio.com/f/frodo/568eb8fac54d39fe599b0de8c3f2aee1dbc43cf0/pics/subject/tv_large.jpg,,https://movie.douban.com/subject/3024826/,0,,3,,,2013-10-18 01:17:19,
735423978,纯情罗曼史2,,https://img9.doubanio.com/view/photo/m_ratio_poster/public/p2225904444.jpg,2008-10-11(日本),https://movie.douban.com/subject/3199454/,8.6,"爱情,动画",3,,,2013-10-14 12:33:27,
734909201,名侦探柯南：远海的侦探,,https://img2.doubanio.com/view/photo/m_ratio_poster/public/p1919878062.jpg,2013-04-20(日本),https://movie.douban.com/subject/20274039/,6.5,"动画,悬疑,犯罪",4,为小兰各种给力加一星！,,2013-10-12 21:38:01,
734908923,怪兽大学,,https://img2.doubanio.com/view/photo/m_ratio_poster/public/p2033476722.jpg,2013-08-23(中国大陆),https://movie.douban.com/subject/3789848/,8.3,"喜剧,动画,冒险",3,,,2013-10-12 21:37:23,
734307433,西洋古董洋果子店,,https://img9.doubanio.com/view/photo/m_ratio_poster/public/p2517048276.jpg,2008-07-03(日本),https://movie.douban.com/subject/3074561/,7.4,"爱情,动画",4,没有过不去的坎,,2013-10-10 22:02:35,
733965698,这个男子捡到了人鱼,,https://img1.doubanio.com/view/photo/m_ratio_poster/public/p2174367960.jpg,2012-11-09,https://movie.douban.com/subject/19935789/,7.5,"剧情,动画,同性",3,,,2013-10-09 19:31:12,
733938273,未知电视剧,,https://img2.doubanio.com/f/frodo/568eb8fac54d39fe599b0de8c3f2aee1dbc43cf0/pics/subject/tv_large.jpg,,https://movie.douban.com/subject/5256290/,0,,3,,,2013-10-09 17:32:57,
733897938,企业战士,,https://img1.doubanio.com/view/photo/m_ratio_poster/public/p2503146390.jpg,1994-12-15(日本),https://movie.douban.com/subject/3893376/,6.5,"动画,同性",3,,,2013-10-09 15:22:41,
733765901,狂野情人,,https://img2.doubanio.com/view/photo/m_ratio_poster/public/p2208056001.jpg,2010-03-26(日本),https://movie.douban.com/subject/3400768/,7.5,"动画,同性",2,,,2013-10-09 00:13:54,
733737118,未知电影,,https://img2.doubanio.com/f/frodo/753fa1e93c945e533e52dddab73b2b55a1083083/pics/subject/movie_large.jpg,,https://movie.douban.com/subject/5384550/,0,,3,,,2013-10-08 22:46:00,
733716516,惊天魔盗团,,https://img9.doubanio.com/view/photo/m_ratio_poster/public/p2151336415.jpg,2013-10-10(中国大陆),https://movie.douban.com/subject/6517421/,7.8,"剧情,悬疑,犯罪",4,结局不给力！,,2013-10-08 21:54:29,
733429124,狄仁杰之神都龙王,,https://img1.doubanio.com/view/photo/m_ratio_poster/public/p2099623528.jpg,2013-09-28(中国大陆),https://movie.douban.com/subject/5996801/,6.5,"动作,悬疑,古装",3,,,2013-10-07 23:02:08,
732650514,Q弟侦探因幡,,https://img9.doubanio.com/view/photo/m_ratio_poster/public/p2553858676.jpg,2013-01-04,https://movie.douban.com/subject/11598966/,8.1,"剧情,喜剧,动画",4,只能说意外的好看啊，一口气全部看完了有没有，各种卖萌卖腐神吐槽什么的真是深得我心啊，就是结尾太仓促，跪求第二季啊！制作组千万不要偷懒，完全可以做个千把集好么！！,,2013-10-05 22:51:59,
732547964,剑风传奇 黄金时代篇3：降临,,https://img1.doubanio.com/view/photo/m_ratio_poster/public/p1778898508.jpg,2013-02-01(日本),https://movie.douban.com/subject/7051375/,8.9,"剧情,动作,动画",3,,,2013-10-05 18:28:12,
732336622,未知电影,,https://img2.doubanio.com/f/frodo/753fa1e93c945e533e52dddab73b2b55a1083083/pics/subject/movie_large.jpg,,https://movie.douban.com/subject/7051373/,0,,4,,,2013-10-05 00:11:32,
732274278,剑风传奇 黄金时代篇1：霸王之卵,,https://img2.doubanio.com/view/photo/m_ratio_poster/public/p1462854862.jpg,2012-02-04(日本),https://movie.douban.com/subject/5308201/,8.5,"剧情,动作,动画",3,,,2013-10-04 21:33:59,
731005193,青之驱魔师 剧场版,,https://img2.doubanio.com/view/photo/m_ratio_poster/public/p1640130121.jpg,2012-12-28(日本),https://movie.douban.com/subject/6869414/,8.1,动画,3,,,2013-09-30 20:30:16,
729801525,青之驱魔师OVA：小黑出走记,,https://img2.doubanio.com/view/photo/m_ratio_poster/public/p2885316602.jpg,2011-10-26(日本),https://movie.douban.com/subject/6957761/,7.8,动画,3,,,2013-09-26 21:29:44,
729795751,青之驱魔师,,https://img1.doubanio.com/view/photo/m_ratio_poster/public/p2221017817.jpg,2011-04-17(日本),https://movie.douban.com/subject/5382891/,7.8,"动作,动画,奇幻",4,前半部分很好，就是这后半部分让人吐槽不行，敢不敢出长一点，非得压缩到这么紧凑是作死的节奏？,,2013-09-26 21:13:28,
729312323,炎之蜃气楼,,https://img1.doubanio.com/view/photo/m_ratio_poster/public/p2677995629.jpg,2002-01-07(日本),https://movie.douban.com/subject/1875435/,8,"剧情,爱情,动画",3,,,2013-09-25 09:21:04,
726679323,钢铁侠3,,https://img2.doubanio.com/view/photo/m_ratio_poster/public/p1955027201.jpg,2013-05-01(中国大陆),https://movie.douban.com/subject/3231742/,7.9,"动作,科幻",3,一般般啦..哎哎哎！,,2013-09-16 14:04:47,
718663538,少年阴阳师,,https://img9.doubanio.com/view/photo/m_ratio_poster/public/p2225807516.jpg,2006-10-07(日本),https://movie.douban.com/subject/1919886/,7.7,"动画,奇幻,冒险",3,稀稀落落的总算是看完了。,,2013-08-23 13:51:25,
718662493,环太平洋,,https://img2.doubanio.com/view/photo/m_ratio_poster/public/p2043625972.jpg,2013-07-31(中国大陆),https://movie.douban.com/subject/5323968/,7.7,"动作,科幻,冒险",4,这剧情，这昏暗度..以及各种兄弟，父子，师生，人兽，同性，异形神马的，吐槽点是在是太多了...离五星还是差那么点啊..期待下一步..,,2013-08-23 13:48:22,
712860751,蜂鸟特攻,,https://img2.doubanio.com/view/photo/m_ratio_poster/public/p2180344882.jpg,2014-05-09(中国大陆),https://movie.douban.com/subject/10487568/,6.4,"剧情,动作,惊悚",3,斯坦森走文艺路线咯~,,2013-08-07 22:32:25,
711746947,不二神探,,https://img9.doubanio.com/view/photo/m_ratio_poster/public/p2006870496.jpg,2013-06-21(中国大陆),https://movie.douban.com/subject/10604486/,4.8,"喜剧,动作,犯罪",3,其实我还是觉得挺好玩的说..,,2013-08-04 20:05:26,
711689055,奥林匹斯的陷落,,https://img1.doubanio.com/view/photo/m_ratio_poster/public/p2162364777.jpg,2013-12-29(中国大陆),https://movie.douban.com/subject/10743974/,6.5,"动作,犯罪",3,,,2013-08-04 17:20:27,
711013260,神偷奶爸2,,https://img9.doubanio.com/view/photo/m_ratio_poster/public/p2164225595.jpg,2014-01-10(中国大陆),https://movie.douban.com/subject/4915857/,8.1,"喜剧,动画,冒险",3,虽然小黄人卖萌是可以啦，但是这个剧情...我真心不能吐槽更多了...,,2013-08-02 18:06:47,
709623538,魁拔之大战元泱界,,https://img9.doubanio.com/view/photo/m_ratio_poster/public/p1966309325.jpg,2013-05-31(中国大陆),https://movie.douban.com/subject/7051357/,8.2,"动作,动画,奇幻",3,唔，其实我就是想吐槽一下CV的，我搅得要是用日本的CV的话会好很多吧←_←..另外，明明两边的人都很多，为毛就看那么几个人在打啊T_T这是要作死的节奏？,,2013-07-29 20:35:47,
708878663,命运之夜 剧场版,,https://img9.doubanio.com/view/photo/m_ratio_poster/public/p2222786604.jpg,2010-01-23(日本),https://movie.douban.com/subject/3993632/,7.3,动画,3,这个版本以外的让人蛋疼到不行..Servant被一个门外汉给干倒了..还不止一个，这是要逆天的节奏？还有..Archer不是死了么，怎么最后还阴魂不散的，而且，敢不敢不要给最后Archer+土狗的画面！难看死了！没有之一！,,2013-07-27 22:01:05,
708832326,命运之夜,,https://img2.doubanio.com/view/photo/m_ratio_poster/public/p2260549012.jpg,2006-01-06(日本),https://movie.douban.com/subject/1727200/,7.9,"剧情,动画,冒险",3,,,2013-07-27 20:09:44,
708639176,命运之夜前传 第二季,,https://img9.doubanio.com/view/photo/m_ratio_poster/public/p1497873044.jpg,2012-04-07(日本),https://movie.douban.com/subject/6874729/,9.2,"动画,奇幻",4,,,2013-07-27 09:58:14,
708639129,命运之夜前传 第一季,,https://img9.doubanio.com/view/photo/m_ratio_poster/public/p1205706174.jpg,2011-10-01(日本),https://movie.douban.com/subject/5416070/,9.2,"动作,动画,奇幻",4,,,2013-07-27 09:58:02,
708322867,八犬传：东方八犬异闻,,https://img1.doubanio.com/view/photo/m_ratio_poster/public/p2221084628.jpg,2013-01-05(日本),https://movie.douban.com/subject/10833949/,7.9,动画,4,,,2013-07-26 12:11:27,
707748062,疯狂原始人,,https://img1.doubanio.com/view/photo/m_ratio_poster/public/p1867084027.jpg,2013-04-20(中国大陆),https://movie.douban.com/subject/1907966/,8.7,"喜剧,动画,冒险",4,“我改变不了自己，我想不出点子，不过我有力气”-以己之长，补己之短；“盖会怎么做，我会怎么做”-学习他人的长处，转化为自己的力量,,2013-07-24 18:40:54,
706834694,再见我们的幼儿园,,https://img9.doubanio.com/view/photo/m_ratio_poster/public/p2173712235.jpg,2011-03-30(日本),https://movie.douban.com/subject/5960606/,8.8,剧情,4,两个小盆友在病房那会儿哭崩掉了!!!T_T,,2013-07-22 09:27:15,
706834518,新月魅影,,https://img9.doubanio.com/view/photo/m_ratio_poster/public/p1341837216.jpg,2011-12-20(中国大陆),https://movie.douban.com/subject/7052403/,2.6,"悬疑,惊悚,恐怖",2,尼玛是谁跟我说着是鬼片的！,,2013-07-22 09:26:37,
696179520,魔法禁书目录 剧场版 恩底弥翁的奇迹,,https://img2.doubanio.com/view/photo/m_ratio_poster/public/p1866679701.jpg,2013-02-23(日本),https://movie.douban.com/subject/10788833/,6.7,"剧情,动画",3,先不吐槽当妈的神女人缘了（我擦逢女人必被摸，逢女人必要看裸体这种人设真心是闹哪样啊！），难道剧组你们觉得再太空中放导弹这种剧情也是合情合理的么！还有直接让神裂以优美的姿势坠落星空享受大气层的热情这种设定真的没有关系么？！,,2013-06-23 18:01:39,
694894339,加速世界,,https://img1.doubanio.com/view/photo/m_ratio_poster/public/p2517465307.jpg,2012-04-06(日本),https://movie.douban.com/subject/6869375/,7.3,动画,3,剧情还可以..只是这男主人设..这是要逆天么←_←,,2013-06-20 09:13:39,
694277738,火影忍者剧场版：忍者之路,,https://img1.doubanio.com/view/photo/m_ratio_poster/public/p2244537600.jpg,2012-07-28(日本),https://movie.douban.com/subject/7152908/,7.9,"剧情,动作,科幻",3,说好的父子合作呢T_T...乱七八糟的,,2013-06-18 14:10:19,
692485602,火影忍者剧场版：大激突！幻之地底遗迹,,https://img9.doubanio.com/view/photo/m_ratio_poster/public/p2171254694.jpg,2005-08-06(日本),https://movie.douban.com/subject/1773285/,6.8,"剧情,喜剧,动画",3,,,2013-06-13 22:35:16,
692386389,魔法禁书目录2,,https://img2.doubanio.com/view/photo/m_ratio_poster/public/p2190191801.jpg,2010-10-08(日本),https://movie.douban.com/subject/4848113/,7.5,动画,4,,,2013-06-13 18:22:33,
691932900,魔法禁书目录,,https://img1.doubanio.com/view/photo/m_ratio_poster/public/p2190191230.jpg,2008-10-04(日本),https://movie.douban.com/subject/3251306/,7.4,"剧情,喜剧,动作",4,,,2013-06-12 17:11:31,
691117615,欲望法则,,https://img1.doubanio.com/view/photo/m_ratio_poster/public/p1958673368.jpg,1987-03-05,https://movie.douban.com/subject/1300951/,8.2,"剧情,爱情,同性",3,,,2013-06-10 19:40:06,
588069352,帕克,,https://img2.doubanio.com/view/photo/m_ratio_poster/public/p1830099433.jpg,2013-01-25(美国),https://movie.douban.com/subject/6875647/,6.6,"动作,惊悚,犯罪",3,,,2013-06-08 01:58:31,
689194722,言叶之庭,,https://img2.doubanio.com/view/photo/m_ratio_poster/public/p1958733032.jpg,2013-05-31(日本),https://movie.douban.com/subject/20470074/,8.3,"爱情,动画",4,为画质赞一个，真心是每一帧都能拿来当壁纸啊，真不亏我下1080的来看T_T，不过感觉情节没有预告给我的那么冲击呢,,2013-06-05 21:21:38,
688679074,致我们终将逝去的青春,,https://img1.doubanio.com/view/photo/m_ratio_poster/public/p1935067049.jpg,2013-04-26(中国大陆),https://movie.douban.com/subject/6973376/,6.5,"剧情,爱情",3,可圈可点,,2013-06-04 15:06:24,
678485110,某科学的超电磁炮,,https://img9.doubanio.com/view/photo/m_ratio_poster/public/p2199762985.jpg,2009-10-02(日本),https://movie.douban.com/subject/4067827/,8.6,动画,4,主题曲超赞！虽然只放了两次……==！,,2013-05-10 15:12:36,
671141501,福音战士新剧场版：Q,,https://img9.doubanio.com/view/photo/m_ratio_poster/public/p1768906265.jpg,2012-11-17(日本),https://movie.douban.com/subject/2567647/,8.4,"剧情,科幻,动画",5,基情浓厚！,,2013-04-24 00:02:19,
671046285,白夜,,https://img1.doubanio.com/view/photo/m_ratio_poster/public/p1770832797.jpg,2012-11-15(韩国),https://movie.douban.com/subject/10590764/,7,"剧情,爱情,同性",3,太矫情了！,,2013-04-23 20:55:00,
670745888,丛林奇兵,,https://img1.doubanio.com/view/photo/m_ratio_poster/public/p2197177327.jpg,2004-01-14(中国大陆),https://movie.douban.com/subject/1306713/,6.8,"喜剧,动作,惊悚",2,,,2013-04-23 00:22:02,
666888016,安非他命,,https://img9.doubanio.com/view/photo/m_ratio_poster/public/p649626586.jpg,2010-04-08(中国香港),https://movie.douban.com/subject/4604803/,6.3,"剧情,同性",3,——“没有解不了的毒，只有戒不了的爱。”,,2013-04-13 14:52:21,
666847637,光棍儿,,https://img2.doubanio.com/view/photo/m_ratio_poster/public/p773609121.jpg,2011-12-14(中国大陆),https://movie.douban.com/subject/4946963/,8.1,"剧情,喜剧,同性",3,——”爱走东来不走西，爱透屁股不日逼。“,,2013-04-13 13:05:03,
666732892,熟男，我爱你,,https://img2.doubanio.com/view/photo/m_ratio_poster/public/p900557662.jpg,2008-01-25,https://movie.douban.com/subject/3173556/,7.3,爱情,3,——“爱情是不期而至，无关年龄。”,,2013-04-13 00:19:42,
666651757,海贼王剧场版Z,,https://img1.doubanio.com/view/photo/m_ratio_poster/public/p2300520390.jpg,2013-02-14(中国香港),https://movie.douban.com/subject/10467125/,8.7,"动作,动画,冒险",3,"——""做自己喜欢的事""",,2013-04-12 21:19:33,
662669068,纸人,,https://img9.doubanio.com/view/photo/m_ratio_poster/public/p2249036585.jpg,2012-11-02(美国),https://movie.douban.com/subject/10617158/,8.1,"喜剧,爱情,动画",4,BGM大赞！相当治愈！有种爱情叫做一见钟情，还有种爱情叫做可遇而不可求,,2013-04-04 12:54:32,
662521574,被解救的姜戈,,https://img1.doubanio.com/view/photo/m_ratio_poster/public/p1800813767.jpg,2013-05-12(中国大陆),https://movie.douban.com/subject/6307447/,8.8,"剧情,动作,西部",4,BGM大赞，就是可惜舒尔茨死的好不值啊，哎！,,2013-04-03 23:13:23,
662427809,笑破铁幕,,https://img2.doubanio.com/view/photo/m_ratio_poster/public/p2252927602.jpg,1984-08-09,https://movie.douban.com/subject/1299851/,7.8,"喜剧,爱情",4,84年的黑色幽默啊，丝毫不比现在拍的片子差啊！！太牛逼了！,,2013-04-03 20:09:34,
660086229,玩尽杀绝,,https://img1.doubanio.com/view/photo/m_ratio_poster/public/p1266487848.jpg,1998-03-20,https://movie.douban.com/subject/1292552/,7,"悬疑,惊悚,犯罪",3,我只想说转圈转几个叫做惊艳，转多了的话那就变成俗套了,,2013-03-28 23:51:02,
658512650,一代宗师,,https://img2.doubanio.com/view/photo/m_ratio_poster/public/p2217557172.jpg,2013-01-08(中国大陆),https://movie.douban.com/subject/3821067/,8.1,"剧情,动作,爱情",3,太碎片化了...果然我还没到能懂到四颗星的水平啊..哎！,,2013-03-24 22:18:29,
658016559,鹅毛笔,,https://img1.doubanio.com/view/photo/m_ratio_poster/public/p701827908.jpg,2000-12-15,https://movie.douban.com/subject/1301720/,7.6,"剧情,爱情,传记",4,擦，淫荡的故事，超强的寓意！,,2013-03-23 21:37:50,
593087766,侠探杰克,,https://img1.doubanio.com/view/photo/m_ratio_poster/public/p1740079049.jpg,2013-02-16(中国大陆),https://movie.douban.com/subject/3231740/,6.4,"动作,惊悚,犯罪",2,克鲁斯居然演文艺片去了，我再也不相信爱情了T_T,,2013-03-22 23:34:02,
655609046,救难小英雄：澳洲历险记,,https://img2.doubanio.com/view/photo/m_ratio_poster/public/p1833271052.jpg,1990-11-16,https://movie.douban.com/subject/1307242/,7.5,"动画,悬疑,家庭",3,92年的……怪不得这么有年代感……--！,,2013-03-17 15:10:51,
653287590,替身,,https://img1.doubanio.com/view/photo/m_ratio_poster/public/p2186885848.jpg,2012-01-09(日本),https://movie.douban.com/subject/5392222/,7.9,"动画,恐怖",3,擦，这货到底是个什么东西啊..尼玛，一个不可抗力案件中杀了很多很多很多的人，最重要的是尼玛基本是初三的学生啊，这人设也太坑了吧！然后最后居然是因为异能才解决的，这是要闹哪样啊！！最重要的是，敢不敢把副班主任和男主的关系在前几集就说了啊！擦！！！！,,2013-03-11 13:34:18,
653055367,罪恶王冠,,https://img1.doubanio.com/view/photo/m_ratio_poster/public/p2236330728.jpg,2011-10-13(日本),https://movie.douban.com/subject/6518736/,7.5,"动作,爱情,动画",3,BGM很赞，但是情节各种BUG让我吐槽无力..好吧，三星给BGM!,,2013-03-10 21:16:11,
651930779,机械师,,https://img1.doubanio.com/view/photo/m_ratio_poster/public/p453944400.jpg,2004-01-18(圣丹斯电影节),https://movie.douban.com/subject/1309160/,7.6,"剧情,悬疑,惊悚",3,这电影看的太晕乎了，三星就纯当给贝尔了吧,,2013-03-07 23:50:59,
648719121,剧场版 BLOOD-C The Last Dark,,https://img2.doubanio.com/view/photo/m_ratio_poster/public/p1549057943.jpg,2012-06-02,https://movie.douban.com/subject/6094971/,6.8,"动作,动画,冒险",2,没看过原漫直接来看剧场版什么的果然是个坑…-__-!,,2013-02-27 15:37:41,
648666921,无敌破坏王,,https://img9.doubanio.com/view/photo/m_ratio_poster/public/p1735642656.jpg,2012-11-06(中国大陆),https://movie.douban.com/subject/6534248/,8.7,"喜剧,动画,奇幻",4,题材新颖，经典的灰姑娘题材，虽然陈旧但是很喜欢，特别喜欢最后一句“加入有人喜欢你，你又能坏到哪里去呢？”。没有人能像你一样，不用去和别人比。,,2013-02-27 13:11:19,
646929981,西游降魔篇,,https://img2.doubanio.com/view/photo/m_ratio_poster/public/p1856385532.jpg,2013-02-10(中国大陆),https://movie.douban.com/subject/5308265/,7.2,"喜剧,奇幻,冒险",3,比较喜欢八戒和沙僧的故事~,,2013-02-23 00:10:28,
646314176,狼的孩子雨和雪,,https://img9.doubanio.com/view/photo/m_ratio_poster/public/p1667896544.jpg,2012-07-21(日本),https://movie.douban.com/subject/7064681/,8.7,"剧情,动画,家庭",4,世上只有妈妈好！,,2013-02-21 15:53:34,
642737976,妖精的尾巴剧场版：凤凰的巫女,,https://img2.doubanio.com/view/photo/m_ratio_poster/public/p2400263102.jpg,2012-08-18,https://movie.douban.com/subject/6886495/,6.9,动画,2,体现了动漫最基本的要素-团结，但是……真的……==！毫无亮点=_=!,,2013-02-13 20:50:33,
642103862,消失的子弹,,https://img9.doubanio.com/view/photo/m_ratio_poster/public/p1713985976.jpg,2012-08-14(中国大陆),https://movie.douban.com/subject/6991110/,6.5,"动作,悬疑,犯罪",3,槽点满满无法吐！,,2013-02-12 10:09:46,
641810096,刀剑神域,,https://img9.doubanio.com/view/photo/m_ratio_poster/public/p2169290186.jpg,2013-03-10(中国香港),https://movie.douban.com/subject/6869376/,8.3,动画,3,前半部分不错，后头有待吐槽,,2013-02-11 16:24:03,
639252843,人狼,,https://img1.doubanio.com/view/photo/m_ratio_poster/public/p2543987719.jpg,1999-07-24(加拿大奇幻电影节),https://movie.douban.com/subject/1306255/,8.6,"剧情,动画,惊悚",4,故事很好，男主很帅，特别是穿了战服之后，爆表了！小红帽故事新解好血腥啊擦擦擦...童年全毁了有木有~,,2013-02-04 21:52:28,
633467226,我的军中情人2,,https://img1.doubanio.com/view/photo/m_ratio_poster/public/p1815035419.jpg,2012-04-19(翠贝卡电影节),https://movie.douban.com/subject/10543625/,7.5,"剧情,爱情,同性",2,完全没想法了o(╯□╰)o卖萌的小胖叔..=——=！哦不..卖萌的老胖叔LOL,,2013-01-22 21:29:19,
630953404,勇敢传说,,https://img2.doubanio.com/view/photo/m_ratio_poster/public/p1597593082.jpg,2012-06-19(中国大陆),https://movie.douban.com/subject/3036473/,7.6,"喜剧,动画,奇幻",3,王后变成的熊好可爱啊！还有那三个淘气包，哈哈~加分加分！,,2013-01-17 09:45:21,
628404391,奇幻精灵事件簿,,https://img1.doubanio.com/view/photo/m_ratio_poster/public/p457182707.jpg,2008-02-14(美国),https://movie.douban.com/subject/2155676/,7.3,"剧情,奇幻,冒险",3,真心没觉得有多好看..三星纯当给萌帅小查理了o(╯□╰)o,,2013-01-11 19:24:12,
628075153,007：大破天幕杀机,,https://img2.doubanio.com/view/photo/m_ratio_poster/public/p1706050033.jpg,2013-01-21(中国大陆),https://movie.douban.com/subject/2363876/,7.2,"动作,惊悚,冒险",3,我就说英片就是这样，拍的可能不咋样，但是请的角都必须是大将啊！p.s. 大爱geek的小本~,,2013-01-10 23:19:21,
623930980,未知电影,,https://img2.doubanio.com/f/frodo/753fa1e93c945e533e52dddab73b2b55a1083083/pics/subject/movie_large.jpg,,https://movie.douban.com/subject/10604180/,0,,,,,2013-01-01 18:05:13,
623930856,未知电影,,https://img2.doubanio.com/f/frodo/753fa1e93c945e533e52dddab73b2b55a1083083/pics/subject/movie_large.jpg,,https://movie.douban.com/subject/10553099/,0,,,,,2013-01-01 18:04:50,
623638190,寒战,,https://img1.doubanio.com/view/photo/m_ratio_poster/public/p1741835010.jpg,2012-11-08(中国大陆),https://movie.douban.com/subject/6890730/,7.6,"剧情,动作,犯罪",4,背景音乐不错，角色都很给力。,,2012-12-31 21:55:20,
621118416,环形使者,,https://img1.doubanio.com/view/photo/m_ratio_poster/public/p1682562648.jpg,2012-09-28(中国大陆),https://movie.douban.com/subject/3179706/,6.9,"动作,科幻,惊悚",3,结局好尴尬！,,2012-12-26 15:40:11,
620905912,太极2：英雄崛起,,https://img1.doubanio.com/view/photo/m_ratio_poster/public/p1743944910.jpg,2012-10-25(中国大陆),https://movie.douban.com/subject/10573695/,5.9,"喜剧,动作,奇幻",3,没有了搞笑元素，前长后短的，完全没1好看啊，虽然说1也没啥好看的就是了。,,2012-12-26 00:14:42,
619984600,人再囧途之泰囧,,https://img2.doubanio.com/view/photo/m_ratio_poster/public/p1793720172.jpg,2012-12-12(中国大陆),https://movie.douban.com/subject/10574622/,7.5,喜剧,4,,,2012-12-23 21:05:33,
619062457,未知电影,,https://img2.doubanio.com/f/frodo/753fa1e93c945e533e52dddab73b2b55a1083083/pics/subject/movie_large.jpg,,https://movie.douban.com/subject/10752040/,0,,2,快进式看完的，剧情什么的完全不知道啊，唯一记得的就是男主那装了WIndows的MacbookT_T,,2012-12-21 21:45:37,
618673719,云图,,https://img9.doubanio.com/view/photo/m_ratio_poster/public/p1719175505.jpg,2013-01-31(中国大陆),https://movie.douban.com/subject/3530403/,8.1,"剧情,科幻,悬疑",4,人生不断的奋斗，解除一个又一个的禁锢，流星一样的胎记，延续了一代又一代人的记忆。剧情+1，背景音乐+1，最后吐槽一下周迅同学，果然还是只能是东方美人啊，化妆师还我美女！！T——T,,2012-12-20 22:10:48,
616466230,月升王国,,https://img9.doubanio.com/view/photo/m_ratio_poster/public/p1791964116.jpg,2012-05-16(戛纳电影节),https://movie.douban.com/subject/5360889/,8.4,"剧情,儿童",3,动画式电影，男主和女主都好萌啊~,,2012-12-15 22:30:03,
616007177,了不起的狐狸爸爸,,https://img9.doubanio.com/view/photo/m_ratio_poster/public/p2174698025.jpg,2009-10-14(伦敦电影节),https://movie.douban.com/subject/1759386/,8.6,"喜剧,动画,冒险",4,有种淡淡的冷笑话的赶脚~,,2012-12-14 22:46:51,
615631703,触不可及,,https://img9.doubanio.com/view/photo/m_ratio_poster/public/p1454261925.jpg,2011-11-02(法国),https://movie.douban.com/subject/6786002/,9.3,"剧情,喜剧",4,处处体现着人性，不过我似乎品味不出来，话说比较喜欢里面的音乐。。。特别是生日宴会上放的那些……,,2012-12-14 00:22:57,
613030578,女朋友，男朋友,,https://img2.doubanio.com/view/photo/m_ratio_poster/public/p1578950461.jpg,2012-08-03(中国台湾),https://movie.douban.com/subject/6829652/,7.5,"剧情,爱情,同性",4,剧本很棒，演员更棒。张书豪这个亮点我就不多吐槽了，他在转山上的印象我还留着呢，不带这么折腾人家啊！张孝全尼玛要不要这么像郑嘉颖啊，你俩一定是失散多年的兄弟吧一定是！凤小岳尼玛混血的就是棒啊，很像阿汤哥啊有木有！所以导演实在是太牛X了啊，不请名角胜似名角！最后桂纶镁神马的必须赞一个,,2012-12-07 22:02:38,
612655760,给桃子的信,,https://img2.doubanio.com/view/photo/m_ratio_poster/public/p1781641001.jpg,2011-09-10(多伦多电影节),https://movie.douban.com/subject/6010171/,8.3,"剧情,动画",3,治愈系的,,2012-12-06 22:52:39,
610559631,阳光姐妹淘,,https://img1.doubanio.com/view/photo/m_ratio_poster/public/p1374786017.jpg,2011-05-04(韩国),https://movie.douban.com/subject/4917726/,8.8,"剧情,喜剧",4,曾经有那么一群，可以同生共死，可以把酒言欢，可以患难与共的朋友，是多么的让人羡慕滴妒恨，即使，时光荏苒年华不再，但是，那份真挚的情谊，却越来越浓厚，浓厚的让我嫉妒。,,2012-12-01 23:51:47,
610053184,红辣椒,,https://img1.doubanio.com/view/photo/m_ratio_poster/public/p456825720.jpg,2006-09-02(威尼斯电影节),https://movie.douban.com/subject/1865703/,9.1,"科幻,动画,悬疑",4,赶脚又看了一遍盗梦啊...咳咳...脑细胞啊...又死了一大群啊...哎...,,2012-11-30 23:17:45,
607321117,少年派的奇幻漂流,,https://img2.doubanio.com/view/photo/m_ratio_poster/public/p1784592701.jpg,2012-11-22(中国大陆),https://movie.douban.com/subject/1929463/,9.1,"剧情,奇幻,冒险",3,其实我不会跟你们说我中途睡了两次的，然后我想说3D效果其实也就那样...最后想说的是四眼田鸡还是果断买个有度数的3D眼睛吧....,,2012-11-24 19:50:01,
604328074,太极1：从零开始,,https://img9.doubanio.com/view/photo/m_ratio_poster/public/p1710333164.jpg,2012-09-27(中国大陆),https://movie.douban.com/subject/5996800/,5.7,"喜剧,动作,奇幻",3,剧情稍有坑爹，创作手法可圈可点，背景音乐还行。,,2012-11-17 15:37:53,
604327732,吸血鬼猎人林肯,,https://img9.doubanio.com/view/photo/m_ratio_poster/public/p1560108474.jpg,2012-06-22(美国),https://movie.douban.com/subject/4326412/,6.3,"动作,惊悚,恐怖",3,思维新颖，隐喻恰当！,,2012-11-17 15:36:56,
601679827,泰迪熊,,https://img1.doubanio.com/view/photo/m_ratio_poster/public/p1588315198.jpg,2012-06-29(美国),https://movie.douban.com/subject/4807924/,7.1,喜剧,3,结局还真是让人不得不吐槽呢....Rex不仅让人家没追到女友..居然还让人家得了抑郁症死掉了……这导演就这么腹黑？！,,2012-11-10 20:19:12,
598480160,铜雀台,,https://img2.doubanio.com/view/photo/m_ratio_poster/public/p1709282333.jpg,2012-09-26(中国大陆),https://movie.douban.com/subject/6796158/,5.2,"剧情,古装",3,,,2012-11-02 16:53:38,
595422610,超凡蜘蛛侠,,https://img9.doubanio.com/view/photo/m_ratio_poster/public/p1609913975.jpg,2012-08-27(中国大陆),https://movie.douban.com/subject/2129132/,7.7,"动作,科幻,奇幻",4,没看到3D，看2D过过瘾吧T_T。。。。感觉好感人啊T_T,,2012-10-25 16:20:20,
593517009,喜宴,,https://img1.doubanio.com/view/photo/m_ratio_poster/public/p2249048907.jpg,1993-02(柏林电影节),https://movie.douban.com/subject/1303037/,9,"剧情,喜剧,爱情",4,真是众星云集啊，老头子演的真棒！赵文瑄也演的很强大,,2012-10-20 14:58:30,
590447780,苹果,,https://img1.doubanio.com/view/photo/m_ratio_poster/public/p2558318647.jpg,2007-02-16(柏林电影节),https://movie.douban.com/subject/1966464/,6.8,"剧情,情色",2,,,2012-10-12 14:12:37,
590244978,敢死队2,,https://img9.doubanio.com/view/photo/m_ratio_poster/public/p1604065274.jpg,2012-09-04(中国大陆),https://movie.douban.com/subject/6040982/,7,"动作,冒险",3,李连杰终于舍得撤了，斯瓦辛格终于不是打酱油了，威利斯终于不是走过场了，余男的英语讲的真心不错~,,2012-10-11 21:56:16,
589958786,天使的性,,https://img2.doubanio.com/view/photo/m_ratio_poster/public/p1711333481.jpg,2012-05-08(西班牙),https://movie.douban.com/subject/3148068/,6.6,"剧情,爱情,情色",2,不讲了不讲了，三观完全崩坏了有木有。为了男2加一星！,,2012-10-11 01:02:50,
589901481,神偷奶爸,,https://img1.doubanio.com/view/photo/m_ratio_poster/public/p792776858.jpg,2010-06-20(莫斯科电影节),https://movie.douban.com/subject/3287562/,8.6,"喜剧,动画,冒险",4,哈哈，好多萌物啊~,,2012-10-10 22:31:15,
589843834,马达加斯加3,,https://img9.doubanio.com/view/photo/m_ratio_poster/public/p1503869385.jpg,2012-06-08(中国大陆),https://movie.douban.com/subject/3178770/,8.2,"喜剧,动画,冒险",3,那场表演，好喜欢！,,2012-10-10 20:31:43,
585032278,永无止境,,https://img1.doubanio.com/view/photo/m_ratio_poster/public/p868781788.jpg,2011-10-13(中国大陆),https://movie.douban.com/subject/3041269/,7.5,"科幻,悬疑,惊悚",3,电影是要宣传嗑药也当总统么-。-...不过为了帅哥..（¯﹃¯）...,,2012-09-28 09:41:32,
581658817,玩命追踪,,https://img9.doubanio.com/view/photo/m_ratio_poster/public/p1002600075.jpg,2012-03-16(中国大陆),https://movie.douban.com/subject/3238087/,6.3,"动作,惊悚,犯罪",2,难道警察把那5万美金都当做空气了么？！那么明显的证据你们是要闹哪样啊！还有，斯坦森你能不能不要打蛋了啊啊啊啊啊啊啊啊啊啊！！！！！,,2012-09-18 23:10:14,
580591061,敢死队,,https://img1.doubanio.com/view/photo/m_ratio_poster/public/p547574189.jpg,2010-08-20(中国大陆),https://movie.douban.com/subject/3279080/,6.9,"动作,惊悚,冒险",2,老了老了都老了！斯坦森还是那么喜欢打蛋啊！,,2012-09-15 22:06:16,
580103210,名侦探柯南：第十一名前锋,,https://img9.doubanio.com/view/photo/m_ratio_poster/public/p1448359856.jpg,2012-04-14(日本),https://movie.douban.com/subject/6984051/,6.5,"动作,动画",3,,,2012-09-14 14:18:15,
579840628,蝙蝠侠：黑暗骑士崛起,,https://img9.doubanio.com/view/photo/m_ratio_poster/public/p1706428744.jpg,2012-08-27(中国大陆),https://movie.douban.com/subject/3395373/,8.8,"剧情,动作,科幻",4,为一堆跑龙套的名角悲哀。。。顺带纪念一下我第一次去电影院-。-,,2012-09-13 18:16:50,
579397865,诸神之怒,,https://img2.doubanio.com/view/photo/m_ratio_poster/public/p1493840861.jpg,2012-03-30(中国大陆),https://movie.douban.com/subject/4824515/,6.1,"动作,奇幻,冒险",2,,,2012-09-12 13:05:09,
579190539,搞定岳父大人,,https://img1.doubanio.com/view/photo/m_ratio_poster/public/p1650860828.jpg,2012-08-03(中国大陆),https://movie.douban.com/subject/10831449/,6.4,"喜剧,爱情,家庭",3,,,2012-09-11 20:19:14,
574188643,听风者,,https://img1.doubanio.com/view/photo/m_ratio_poster/public/p1400056430.jpg,2012-08-07(中国大陆),https://movie.douban.com/subject/6041191/,6.9,"剧情,悬疑",4,周迅演的真棒！,,2012-08-29 16:36:32,
573294064,暂告安全,,https://img1.doubanio.com/view/photo/m_ratio_poster/public/p1395328327.jpg,2012-04-27(美国),https://movie.douban.com/subject/5151891/,6.3,"动作,惊悚,犯罪",3,,,2012-08-27 14:29:14,
573004927,桃姐,,https://img1.doubanio.com/view/photo/m_ratio_poster/public/p1455206048.jpg,2012-03-08(中国大陆),https://movie.douban.com/subject/5977835/,8.4,"剧情,家庭",3,我又无知了，感觉没大家说的那样出彩..,,2012-08-26 20:24:27,
572509893,搜索,,https://img1.doubanio.com/view/photo/m_ratio_poster/public/p1598153958.jpg,2012-07-06(中国大陆),https://movie.douban.com/subject/6799191/,7.4,"剧情,悬疑",3,,,2012-08-25 15:56:11,
572266008,转山,,https://img9.doubanio.com/view/photo/m_ratio_poster/public/p1264988566.jpg,2011-11-03(中国大陆),https://movie.douban.com/subject/5318669/,7.9,"剧情,冒险",4,我草，感想太多了，一下子写不过来了！,,2012-08-24 21:21:18,
572190270,翻滚吧！阿信,,https://img2.doubanio.com/view/photo/m_ratio_poster/public/p1196179583.jpg,2011-12-09(中国大陆),https://movie.douban.com/subject/5244092/,7.4,"剧情,喜剧,运动",3,这是一部讲述一位体操选手如何利用内增高鞋克服自身障碍而走向成功的励志片！哪里有汉典，哪里就有笑点！P.S. 最后比赛的时候彭于晏没穿内增高算不算这部片子最大的BUG。。。,,2012-08-24 17:37:44,
571463083,赛德克·巴莱(下)：彩虹桥,,https://img2.doubanio.com/view/photo/m_ratio_poster/public/p1174627051.jpg,2011-09-30(中国台湾),https://movie.douban.com/subject/6393127/,8.8,"剧情,历史,战争",3,,,2012-08-22 19:38:50,
571460843,赛德克·巴莱(上)：太阳旗,,https://img1.doubanio.com/view/photo/m_ratio_poster/public/p1520558918.jpg,2011-09-09(中国台湾),https://movie.douban.com/subject/10450409/,8.9,"剧情,历史,战争",4,,,2012-08-22 19:33:06,
571112726,武侠,,https://img1.doubanio.com/view/photo/m_ratio_poster/public/p1084310090.jpg,2011-07-04(中国大陆),https://movie.douban.com/subject/4942776/,6.7,"剧情,动作,悬疑",3,这是一部工科男小金怀着真相只有一个的心努力破案的告白！,,2012-08-21 22:12:09,
571112185,杀生,,https://img9.doubanio.com/view/photo/m_ratio_poster/public/p1513799776.jpg,2012-04-28(中国大陆),https://movie.douban.com/subject/4176542/,7.8,"剧情,悬疑",3,看似好像很牛逼的样子，但其实仔细想想还是感觉哪里都不对劲，总而言之，就是一部神叨叨的电影...,,2012-08-21 22:11:08,
570622919,复仇者联盟,,https://img1.doubanio.com/view/photo/m_ratio_poster/public/p1469137689.jpg,2012-05-05(中国大陆),https://movie.douban.com/subject/1866479/,8.3,"动作,科幻,奇幻",3,其实还是雷神和洛克霸气啊~,,2012-08-20 19:14:48,
569395031,神奇海盗团,,https://img9.doubanio.com/view/photo/m_ratio_poster/public/p1549478974.jpg,2012-06-01(中国大陆),https://movie.douban.com/subject/3718709/,7,"喜剧,动画,家庭",3,,,2012-08-17 20:28:45,
567186320,饥饿游戏,,https://img1.doubanio.com/view/photo/m_ratio_poster/public/p2209718348.jpg,2012-06-14(中国大陆),https://movie.douban.com/subject/3592853/,7.1,"动作,科幻,冒险",2,明显是一个很长的故事被严重压缩了好不好，该说的都没说，人死的太仓促太无语了，没那么多时间就别那么多人嘛，坑爹！还有，最坑爹的是帅帅的男二为啥不是男主啊啊啊啊啊啊！我抗议！另外，我又把男主看成魔界里头的那个霍比特人了...==!最后最后..话说女主好像我同学- -！,,2012-08-12 14:44:40,
564974307,混沌武士,,https://img2.doubanio.com/view/photo/m_ratio_poster/public/p2330163082.jpg,2004-05-19(日本),https://movie.douban.com/subject/1460915/,9.5,"动作,动画,冒险",3,风格太后现代了，我迂腐的大脑有点难以理解了…,,2012-08-06 19:48:09,
559751316,薄暮传说 初次冲击,,https://img9.doubanio.com/view/photo/m_ratio_poster/public/p2208056625.jpg,2009-10-03(日本),https://movie.douban.com/subject/3649510/,7.7,动画,3,,,2012-07-23 20:19:25,
548362808,虞美人盛开的山坡,,https://img9.doubanio.com/view/photo/m_ratio_poster/public/p1335271624.jpg,2011-07-16(日本),https://movie.douban.com/subject/5262338/,8,"剧情,动画",4,,,2012-06-25 12:35:03,
540060955,春娇与志明,,https://img1.doubanio.com/view/photo/m_ratio_poster/public/p1372139719.jpg,2012-03-30(中国大陆),https://movie.douban.com/subject/6386345/,7.3,"剧情,喜剧,爱情",3,喜欢电影的色彩，但感觉没有上一部来的浓烈。,,2012-06-04 04:02:44,
531777297,人狼大战,,https://img2.doubanio.com/view/photo/m_ratio_poster/public/p1453092871.jpg,2012-05-18(中国大陆),https://movie.douban.com/subject/4319445/,6.5,"剧情,动作,惊悚",2,,,2012-05-14 15:40:05,
526471252,野蛮人罗纳尔,,https://img1.doubanio.com/view/photo/m_ratio_poster/public/p1312505029.jpg,2011-09-15(丹麦),https://movie.douban.com/subject/6015756/,7.1,"动作,动画,冒险",3,淫靡的片子..太骚了..咳咳..,,2012-04-30 23:12:59,
526058454,快乐的大脚2,,https://img9.doubanio.com/view/photo/m_ratio_poster/public/p1290384075.jpg,2012-02-21(中国大陆),https://movie.douban.com/subject/3626364/,7.3,"喜剧,动画,歌舞",3,小企鹅好口爱！,,2012-04-29 22:58:09,
524720944,火影忍者剧场版：血狱,,https://img1.doubanio.com/view/photo/m_ratio_poster/public/p1157300597.jpg,2011-07-30(日本),https://movie.douban.com/subject/5407085/,6.9,动画,3,果然看这样的片子不能怀有理性啊，还好我的感性也不差...,,2012-04-26 12:09:31,
524506267,豪斯医生  第二季,,https://img9.doubanio.com/view/photo/m_ratio_poster/public/p2201531455.jpg,2005-09-13(美国),https://movie.douban.com/subject/3002885/,9.3,"剧情,悬疑",4,最后一集..我快疯掉了..要不要讲的这么玄..搞得我以为我又在看LOST了!!!,,2012-04-25 19:21:58,
523674879,豪斯医生 第一季,,https://img2.doubanio.com/view/photo/m_ratio_poster/public/p1021158381.jpg,2004-11-16(美国),https://movie.douban.com/subject/1442129/,9,"剧情,悬疑",4,我爱房子叔叔！！,,2012-04-23 14:09:29,
522468500,缺席,,https://img2.doubanio.com/view/photo/m_ratio_poster/public/p1097522433.jpg,2011-02-13(柏林电影节),https://movie.douban.com/subject/5973058/,6.9,"剧情,惊悚,同性",2,,,2012-04-20 15:07:19,
521905870,互换1公里,,https://img1.doubanio.com/view/photo/m_ratio_poster/public/p2544719828.jpg,2010,https://movie.douban.com/subject/5152791/,6,喜剧,2,,,2012-04-18 23:00:40,
521834712,羞耻,,https://img1.doubanio.com/view/photo/m_ratio_poster/public/p1499701469.jpg,2011-09-04(威尼斯电影节),https://movie.douban.com/subject/5360890/,7.3,"剧情,情色",3,除了尺度大真的没啥好吐槽的..,,2012-04-18 20:19:48,
521833626,铁血精英,,https://img1.doubanio.com/view/photo/m_ratio_poster/public/p1084402027.jpg,2012-02-17(中国大陆),https://movie.douban.com/subject/3775167/,6.6,"动作,惊悚",3,,,2012-04-18 20:17:00,
521191724,大侦探福尔摩斯2：诡影游戏,,https://img9.doubanio.com/view/photo/m_ratio_poster/public/p1327387815.jpg,2012-01-15(中国大陆),https://movie.douban.com/subject/4051753/,7.7,"动作,悬疑,犯罪",3,,,2012-04-16 23:16:18,
519939578,我是传奇,,https://img9.doubanio.com/view/photo/m_ratio_poster/public/p574158935.jpg,2007-12-14(美国),https://movie.douban.com/subject/1820156/,8.1,"剧情,动作,惊悚",2,,,2012-04-13 21:41:53,
516217939,碟中谍4,,https://img1.doubanio.com/view/photo/m_ratio_poster/public/p1382432968.jpg,2012-01-28(中国大陆),https://movie.douban.com/subject/3068206/,8.4,"动作,惊悚,冒险",4,荡气回肠，刺激死了，不知道下一部还能不能看到阿汤哥T_T,,2012-04-04 11:48:36,
515665545,未知电影,,https://img2.doubanio.com/f/frodo/753fa1e93c945e533e52dddab73b2b55a1083083/pics/subject/movie_large.jpg,,https://movie.douban.com/subject/6536293/,0,,2,不予置评...,,2012-04-02 23:28:17,
515560807,我家买了动物园,,https://img9.doubanio.com/view/photo/m_ratio_poster/public/p1286451166.jpg,2011-12-23(美国),https://movie.douban.com/subject/3578925/,7.8,"剧情,喜剧,家庭",3,,,2012-04-02 20:13:50,
515442343,对某飞行员的追忆,,https://img1.doubanio.com/view/photo/m_ratio_poster/public/p2083407278.jpg,2011-10-01(日本),https://movie.douban.com/subject/5040981/,7.7,动画,4,有种淡淡的感动,,2012-04-02 15:12:57,
515004567,小小的白色谎言,,https://img1.doubanio.com/view/photo/m_ratio_poster/public/p693375939.jpg,2010-10-20(法国),https://movie.douban.com/subject/3742987/,8.2,"剧情,喜剧",3,好吧..这种心灵剖析的片子真的不适合我..不过觉得大家自欺欺人的骗局挺好的。。,,2012-04-01 13:26:16,
514912400,滑头鬼之孙,,https://img9.doubanio.com/view/photo/m_ratio_poster/public/p1338514215.jpg,2010-07-05(日本),https://movie.douban.com/subject/4176576/,7.9,"动画,奇幻",3,看了第二季再回来看第一季的孩子表示实在是太苦逼了有木有T_T,,2012-04-01 03:33:07,
514380987,滑头鬼之孙 千年魔京,,https://img1.doubanio.com/view/photo/m_ratio_poster/public/p2290587537.jpg,2011-07-03(日本),https://movie.douban.com/subject/5413796/,8.4,"动画,奇幻",3,,,2012-03-30 18:59:04,
513765044,白兔糖,,https://img9.doubanio.com/view/photo/m_ratio_poster/public/p1787832904.jpg,2011-08-20(日本),https://movie.douban.com/subject/4935011/,8,"剧情,喜剧",4,,,2012-03-28 23:31:34,
513418827,丁丁历险记,,https://img1.doubanio.com/view/photo/m_ratio_poster/public/p1006799889.jpg,2011-11-15(中国大陆),https://movie.douban.com/subject/2028669/,7.7,"动作,动画,悬疑",3,给船长和狗狗加星！丁丁就算了吧.完全没动画的可爱啊T_T！,,2012-03-28 00:00:37,
513350989,A片猛男日记,,https://img9.doubanio.com/view/photo/m_ratio_poster/public/p2462975216.jpg,2001-11-16(美国),https://movie.douban.com/subject/1305347/,6.1,"剧情,喜剧,爱情",2,字幕悲剧了，不过语速还好，当练习听力了吧..,,2012-03-27 21:34:14,
512736465,离开我，记得我,,https://img9.doubanio.com/view/photo/m_ratio_poster/public/p2425982944.jpg,2003-10-15,https://movie.douban.com/subject/1449359/,7.1,"剧情,同性",2,,,2012-03-26 01:56:16,
512446987,爱情代价,,https://img9.doubanio.com/view/photo/m_ratio_poster/public/p1266550456.jpg,2011,https://movie.douban.com/subject/5157472/,5.9,"剧情,喜剧,同性",2,完全没看懂啊T_T,,2012-03-25 13:43:00,
512319852,长角恋过界,,https://img1.doubanio.com/view/photo/m_ratio_poster/public/p2522835839.jpg,2011,https://movie.douban.com/subject/6810711/,6.4,"喜剧,同性",3,,,2012-03-25 01:24:25,
512226466,结婚大作战,,https://img1.doubanio.com/view/photo/m_ratio_poster/public/p2542404337.jpg,2011,https://movie.douban.com/subject/7061180/,5.2,"喜剧,同性",3,,,2012-03-24 22:10:24,
511492183,迷情站台,,https://img2.doubanio.com/view/photo/m_ratio_poster/public/p2411719633.jpg,2007-07-22(英国),https://movie.douban.com/subject/2238297/,8.3,"剧情,同性",4,在大众认可同性恋的国度，仍然有极端仇视同性恋的人存在，何况是悲催的天朝呢。。。,,2012-03-23 00:22:58,
510735868,艺术家,,https://img9.doubanio.com/view/photo/m_ratio_poster/public/p1341276735.jpg,2012-12-28(中国大陆),https://movie.douban.com/subject/6097775/,8.4,"剧情,喜剧,爱情",3,是真没觉得很好看啊，剧情什么的也没什么新颖的地方。喜剧又没笑点，默片又还有声音，尴尬。不过小狗却可爱的不像话!!!,,2012-03-21 01:46:21,
510234712,夜访吸血鬼,,https://img2.doubanio.com/view/photo/m_ratio_poster/public/p1353910572.jpg,1994-11-11,https://movie.douban.com/subject/1299327/,8.3,"剧情,惊悚,奇幻",3,这就是爱！是爱的羁绊让克鲁斯顽强的活到了最后！,,2012-03-19 20:29:15,
510083559,指环王1：护戒使者,,https://img9.doubanio.com/view/photo/m_ratio_poster/public/p2373910134.jpg,2002-04-04(中国大陆),https://movie.douban.com/subject/1291571/,9.1,"剧情,动作,奇幻",4,,,2012-03-19 13:21:38,
509985758,相助,,https://img9.doubanio.com/view/photo/m_ratio_poster/public/p1225179026.jpg,2011-08-10(美国),https://movie.douban.com/subject/3792848/,8.8,剧情,4,斯凯特和她的帅气男朋友木有在一块啊啊啊啊啊啊啊!!!还有结局也有点小揪心啊啊啊啊啊啊啊,,2012-03-19 03:19:18,
509830645,第六感,,https://img9.doubanio.com/view/photo/m_ratio_poster/public/p2220184425.jpg,1999-08-06(美国),https://movie.douban.com/subject/1297630/,8.9,"剧情,悬疑,惊悚",3,按照中国人来演的话剧情应该是这样的：死不瞑目的鬼遗愿未了无法下地狱，结果找上了法力强大的仙姑。只是，仙姑居然是个小孩？！,,2012-03-18 20:19:22,
509541909,吐司,,https://img1.doubanio.com/view/photo/m_ratio_poster/public/p850677807.jpg,2010-12-30(英国),https://movie.douban.com/subject/4904026/,7.5,"剧情,喜剧,同性",3,豆瓣分类大误!,,2012-03-18 02:02:18,
508377903,萤火之森,,https://img2.doubanio.com/view/photo/m_ratio_poster/public/p1675053073.jpg,2011-09-17(日本),https://movie.douban.com/subject/5989818/,8.9,"剧情,爱情,动画",3,完全没觉得非常好看啊T_T 剧情很温馨，但是没亮点啊T_T,,2012-03-15 12:07:03,
508328739,驯龙高手番外篇：龙的礼物,,https://img1.doubanio.com/view/photo/m_ratio_poster/public/p2214676598.jpg,2011-11-15(美国),https://movie.douban.com/subject/6985986/,8.5,"动画,短片,家庭",3,,,2012-03-15 09:06:07,
507540151,夏目友人帐 第三季,,https://img9.doubanio.com/view/photo/m_ratio_poster/public/p2210833325.jpg,2011-07-04(日本),https://movie.douban.com/subject/5967223/,9.5,"剧情,动画,奇幻",4,,,2012-03-13 01:15:46,
507540124,夏目友人帐 第二季,,https://img9.doubanio.com/view/photo/m_ratio_poster/public/p2221082675.jpg,2009-01-05(日本),https://movie.douban.com/subject/3284269/,9.5,"剧情,动画,奇幻",4,,,2012-03-13 01:15:35,
507540089,夏目友人帐,,https://img2.doubanio.com/view/photo/m_ratio_poster/public/p2221083211.jpg,2008-07-07(日本),https://movie.douban.com/subject/3060542/,9.4,"剧情,动画,奇幻",4,,,2012-03-13 01:15:25,
506507077,封面男孩：最后的革命,,https://img1.doubanio.com/view/photo/m_ratio_poster/public/p1131566289.jpg,2007-01-27,https://movie.douban.com/subject/3242341/,7.4,"剧情,同性",4,为这生活在底层的人们淡淡的基情加一颗星！,,2012-03-10 19:35:13,
506467554,真实小说,,https://img2.doubanio.com/view/photo/m_ratio_poster/public/p2876166242.jpg,2008,https://movie.douban.com/subject/5177633/,5.9,"剧情,短片",3,很真实的关于潜规则的故事，只是这结局我是真的不喜欢,,2012-03-10 18:01:32,
506427888,父与子,,https://img1.doubanio.com/view/photo/m_ratio_poster/public/p865405320.jpg,2003-05-23(戛纳电影节),https://movie.douban.com/subject/1307125/,7.4,"剧情,同性",3,原谅我的智商吧，完全不知所云啊T_T！还是去看商业片吧T_T,,2012-03-10 16:28:27,
506282980,柏林爱情,,https://img2.doubanio.com/view/photo/m_ratio_poster/public/p2509193343.jpg,2011-04-29(德国),https://movie.douban.com/subject/6725030/,5.4,"剧情,爱情,同性",2,看过的算差的了，木剧情木帅哥的，哎!,,2012-03-10 09:41:36,
506166647,亡命驾驶,,https://img1.doubanio.com/view/photo/m_ratio_poster/public/p1221329447.jpg,2011-05-20(戛纳电影节),https://movie.douban.com/subject/2010972/,7.4,"剧情,动作",2,导演你他妈还能在血腥一点么？番茄酱有多是不是？还是杀人不喜欢枪的？,,2012-03-09 22:39:48,
505822246,男情难了,,https://img1.doubanio.com/view/photo/m_ratio_poster/public/p1247013369.jpg,1996-09-07,https://movie.douban.com/subject/1292485/,8.3,"剧情,爱情,同性",3,,,2012-03-09 02:00:48,
505660262,男性荷尔蒙,,https://img1.doubanio.com/view/photo/m_ratio_poster/public/p1495396629.jpg,2004-09-24,https://movie.douban.com/subject/1938082/,6.6,"剧情,喜剧,同性",3,我是没悬疑片的潜质还是什么，表示真心被导演玩的晕乎乎了啊T_T,,2012-03-08 19:17:57,
505602860,锅匠，裁缝，士兵，间谍,,https://img1.doubanio.com/view/photo/m_ratio_poster/public/p1202175107.jpg,2011-09-16(英国),https://movie.douban.com/subject/3338851/,7.9,"剧情,悬疑,惊悚",4,爱英伦气息，发现英片一出来就是各大名角啊有木有，而且最重要的是，gay气息一点都不会少啊！太你妈浓郁了有木有！,,2012-03-08 16:28:58,
504628518,点球成金,,https://img2.doubanio.com/view/photo/m_ratio_poster/public/p1393286611.jpg,2011-09-09(多伦多电影节),https://movie.douban.com/subject/3023164/,8.3,"剧情,传记,运动",3,,,2012-03-06 02:51:02,
504386725,一次别离,,https://img9.doubanio.com/view/photo/m_ratio_poster/public/p2189835254.jpg,2012-11-13(中国大陆),https://movie.douban.com/subject/5964718/,8.8,"剧情,家庭",4,,,2012-03-05 15:55:40,
503803400,王者之剑,,https://img1.doubanio.com/view/photo/m_ratio_poster/public/p1389768017.jpg,2012-02-26(中国大陆),https://movie.douban.com/subject/2298964/,5.4,"动作,奇幻,冒险",1,,,2012-03-04 11:25:44,
499820107,三个火枪手,,https://img9.doubanio.com/view/photo/m_ratio_poster/public/p1056072904.jpg,2012-05-15(中国大陆),https://movie.douban.com/subject/4035906/,6.7,"动作,爱情,冒险",3,,,2012-02-24 00:26:58,
499376709,铁甲钢拳,,https://img2.doubanio.com/view/photo/m_ratio_poster/public/p1031075041.jpg,2011-11-08(中国大陆),https://movie.douban.com/subject/1972729/,8.3,"剧情,动作,科幻",5,,,2012-02-22 23:28:42,
499002521,又见阿郎,,https://img1.doubanio.com/view/photo/m_ratio_poster/public/p2870064297.jpg,2009-11-11(中国台湾),https://movie.douban.com/subject/4139886/,6.4,"剧情,爱情,家庭",1,大结局给我扯两岸，扣两颗星！一颗给背景音乐！,,2012-02-22 01:38:24,
496753590,志明与春娇,,https://img1.doubanio.com/view/photo/m_ratio_poster/public/p1456854668.jpg,2010-06-18(中国大陆),https://movie.douban.com/subject/4305436/,7.9,"剧情,喜剧,爱情",4,,,2012-02-16 22:06:00,
496243536,初学者,,https://img1.doubanio.com/view/photo/m_ratio_poster/public/p1295135929.jpg,2010-09-11(多伦多电影节),https://movie.douban.com/subject/4109909/,7.8,"剧情,喜剧,爱情",3,这种淡淡的忧伤的片子真心看不懂T_T,,2012-02-15 20:07:40,
495778591,穿靴子的猫,,https://img2.doubanio.com/view/photo/m_ratio_poster/public/p877184561.jpg,2011-10-28(美国),https://movie.douban.com/subject/2028585/,7.7,"喜剧,动画,家庭",2,,,2012-02-14 18:15:47,
495224390,再见阿郎,,https://img9.doubanio.com/view/photo/m_ratio_poster/public/p2512270295.jpg,2003-11-11(中国台湾),https://movie.douban.com/subject/3123956/,6.5,"剧情,爱情,家庭",3,我会跟你说我已经看完了这部台湾长篇苦情大戏么=。=,,2012-02-13 11:00:47,
491087813,碟中谍2,,https://img2.doubanio.com/view/photo/m_ratio_poster/public/p2197697182.jpg,2002-11-28(中国大陆),https://movie.douban.com/subject/1298525/,7.3,"动作,惊悚,冒险",3,,,2012-02-03 21:43:02,
490945212,碟中谍3,,https://img1.doubanio.com/view/photo/m_ratio_poster/public/p802439727.jpg,2006-07-20(中国大陆),https://movie.douban.com/subject/1401533/,7.6,"动作,惊悚,冒险",5,,,2012-02-03 16:18:09,
490828399,碟中谍,,https://img2.doubanio.com/view/photo/m_ratio_poster/public/p1660124103.jpg,1996-05-22(美国),https://movie.douban.com/subject/1292484/,8.2,"动作,惊悚,冒险",4,,,2012-02-03 11:48:09,
489527853,哈利·波特与死亡圣器(下),,https://img2.doubanio.com/view/photo/m_ratio_poster/public/p917846733.jpg,2011-08-04(中国大陆),https://movie.douban.com/subject/3011235/,9,"奇幻,冒险",5,,,2012-01-31 15:01:52,
489527761,哈利·波特与死亡圣器(上),,https://img9.doubanio.com/view/photo/m_ratio_poster/public/p721429854.jpg,2010-11-19(中国大陆),https://movie.douban.com/subject/2051007/,8.5,"奇幻,冒险",4,,,2012-01-31 15:01:39,
488973458,哈利·波特与阿兹卡班的囚徒,,https://img1.doubanio.com/view/photo/m_ratio_poster/public/p1910812549.jpg,2004-09-10(中国大陆),https://movie.douban.com/subject/1291544/,8.9,"奇幻,冒险",4,,,2012-01-30 12:35:14,
488687901,哈利·波特与凤凰社,,https://img1.doubanio.com/view/photo/m_ratio_poster/public/p443403700.jpg,2007-08-10(中国大陆),https://movie.douban.com/subject/1457217/,8.5,"奇幻,冒险",4,,,2012-01-29 20:27:28,
488407737,哈利·波特与火焰杯,,https://img9.doubanio.com/view/photo/m_ratio_poster/public/p735391084.jpg,2005-11-18(中国大陆),https://movie.douban.com/subject/1309055/,8.8,"悬疑,奇幻,冒险",4,,,2012-01-29 10:26:32,
488061293,哈利·波特与密室,,https://img1.doubanio.com/view/photo/m_ratio_poster/public/p1082651990.jpg,2003-01-24(中国大陆),https://movie.douban.com/subject/1296996/,8.8,"奇幻,冒险",4,,,2012-01-28 16:28:20,
488027861,龙门飞甲,,https://img1.doubanio.com/view/photo/m_ratio_poster/public/p1311653469.jpg,2011-12-15(中国大陆),https://movie.douban.com/subject/4896304/,6.9,"剧情,动作,武侠",3,没感觉很好看呀？,,2012-01-28 15:16:46,
486942106,哈利·波特与魔法石,,https://img9.doubanio.com/view/photo/m_ratio_poster/public/p2614949805.jpg,2002-01-26(中国大陆),https://movie.douban.com/subject/1295038/,9.2,"奇幻,冒险",4,小哈利一伙实在是太可爱了~~,,2012-01-25 23:47:58,
486683158,盗火线,,https://img1.doubanio.com/view/photo/m_ratio_poster/public/p792508289.jpg,1995-12-15(美国),https://movie.douban.com/subject/1295686/,8.5,"剧情,动作,惊悚",3,没看懂，难道就是讲一个匪徒因为爱情而失手死亡的故事么..==!,,2012-01-25 14:49:46,
486435569,步步惊心,,https://img1.doubanio.com/view/photo/m_ratio_poster/public/p1240441409.jpg,2011-09-10(中国大陆),https://movie.douban.com/subject/5384548/,8.4,"剧情,爱情",3,八阿哥+1！,,2012-01-24 21:06:55,
484811106,神探夏洛克 第一季,,https://img2.doubanio.com/view/photo/m_ratio_poster/public/p1461954452.jpg,2010-07-25(英国),https://movie.douban.com/subject/3986493/,9.5,"剧情,悬疑,犯罪",4,,,2012-01-20 15:54:39,
484431119,神探夏洛克(试播集),,https://img2.doubanio.com/view/photo/m_ratio_poster/public/p1126230263.jpg,2010-08-30(英国),https://movie.douban.com/subject/5258017/,9,"剧情,悬疑,惊悚",4,,,2012-01-19 18:13:50,
484168579,叫我第一名,,https://img1.doubanio.com/view/photo/m_ratio_poster/public/p628364149.jpg,2008-12-07(美国),https://movie.douban.com/subject/4798888/,8.7,"剧情,传记",4,,,2012-01-19 00:21:01,
483743665,地球上的星星,,https://img1.doubanio.com/view/photo/m_ratio_poster/public/p2197897857.jpg,2007-12-21(印度),https://movie.douban.com/subject/2363506/,8.9,"剧情,家庭,儿童",4,,,2012-01-18 00:26:21,
483159863,金陵十三钗,,https://img2.doubanio.com/view/photo/m_ratio_poster/public/p1322247572.jpg,2011-12-15(中国大陆),https://movie.douban.com/subject/3649049/,8.3,"剧情,历史,战争",4,一幕秦淮景，瞬间崩到我泪点....,,2012-01-16 18:57:55,
482559538,喜羊羊与灰太狼之开心闯龙年,,https://img9.doubanio.com/view/photo/m_ratio_poster/public/p1358037025.jpg,2012-01-12(中国大陆),https://movie.douban.com/subject/7056398/,6.6,"喜剧,动画,儿童",1,,,2012-01-15 12:53:23,
480783854,少数派报告,,https://img9.doubanio.com/view/photo/m_ratio_poster/public/p2266526895.jpg,2002-06-21(美国),https://movie.douban.com/subject/1297689/,7.9,"科幻,惊悚,犯罪",4,,,2012-01-11 02:30:49,
480700964,穿条纹睡衣的男孩,,https://img2.doubanio.com/view/photo/m_ratio_poster/public/p1473670352.jpg,2008-09-12(英国),https://movie.douban.com/subject/3008247/,9.2,"剧情,战争",4,小朋友的心灵永远是最纯洁的,,2012-01-10 22:30:54,
465788747,那些年，我们一起追的女孩,,https://img9.doubanio.com/view/photo/m_ratio_poster/public/p1348910586.jpg,2012-01-06(中国大陆),https://movie.douban.com/subject/4920528/,8.1,"剧情,喜剧,爱情",3,,,2011-12-05 20:24:14,
463960134,鸿门宴传奇,,https://img9.doubanio.com/view/photo/m_ratio_poster/public/p1293056226.jpg,2011-11-29(中国大陆),https://movie.douban.com/subject/5908477/,6.4,"剧情,动作,历史",2,,,2011-12-01 01:00:50,
461163120,游园惊梦,,https://img9.doubanio.com/view/photo/m_ratio_poster/public/p1077911865.jpg,2001-04-06(中国香港),https://movie.douban.com/subject/1304708/,7.6,"剧情,爱情,同性",3,彦祖啊，啧啧啧啧啧啧啧啧..,,2011-11-23 23:59:04,
460068094,蓝精灵,,https://img1.doubanio.com/view/photo/m_ratio_poster/public/p884990120.jpg,2011-08-10(中国大陆),https://movie.douban.com/subject/2159331/,7.2,"喜剧,动画,奇幻",3,,,2011-11-21 00:00:19,
459244094,猩球崛起,,https://img1.doubanio.com/view/photo/m_ratio_poster/public/p1281402537.jpg,2011-10-28(中国大陆),https://movie.douban.com/subject/3274505/,8.2,"剧情,动作,科幻",3,,,2011-11-19 02:25:05,
456449394,美国队长,,https://img1.doubanio.com/view/photo/m_ratio_poster/public/p1182659238.jpg,2011-09-09(中国大陆),https://movie.douban.com/subject/2138838/,7.1,"动作,科幻,冒险",3,我是来看男主的..,,2011-11-11 22:18:22,
456245862,赛车总动员2,,https://img9.doubanio.com/view/photo/m_ratio_poster/public/p960983865.jpg,2011-08-24(中国大陆),https://movie.douban.com/subject/3036478/,7.8,"喜剧,动画,冒险",4,,,2011-11-11 11:06:00,
455856026,失恋33天,,https://img9.doubanio.com/view/photo/m_ratio_poster/public/p1252876266.jpg,2011-11-08(中国大陆),https://movie.douban.com/subject/4873490/,7.2,"剧情,爱情",3,我擦，我咋感觉文章本色出演了啊。。。。哈哈哈哈,,2011-11-10 02:08:56,
451072607,这个杀手不太冷,,https://img2.doubanio.com/view/photo/m_ratio_poster/public/p511118051.jpg,1994-09-14(法国),https://movie.douban.com/subject/1295644/,9.4,"剧情,动作,犯罪",4,I like leon!,,2011-10-28 13:46:38,
448827042,鬼神传,,https://img2.doubanio.com/view/photo/m_ratio_poster/public/p990551511.jpg,2011-04-29(日本),https://movie.douban.com/subject/4903532/,5.9,"剧情,动画",2,两星给可爱的八蛇君~,,2011-10-22 00:11:12,
448613595,白蛇传说,,https://img2.doubanio.com/view/photo/m_ratio_poster/public/p1221489031.jpg,2011-09-28(中国大陆),https://movie.douban.com/subject/4942778/,4.8,"动作,爱情,奇幻",1,一星给文章==!,,2011-10-21 14:19:56,
447678737,名侦探柯南：沉默的十五分钟,,https://img1.doubanio.com/view/photo/m_ratio_poster/public/p981385980.jpg,2011-11-04(中国大陆),https://movie.douban.com/subject/6007281/,6.8,"动画,悬疑",3,,,2011-10-18 16:47:47,
444200222,硅谷传奇,,https://img1.doubanio.com/view/photo/m_ratio_poster/public/p1949178259.jpg,1999-06-20(美国),https://movie.douban.com/subject/1298084/,7.6,"剧情,传记",3,,,2011-10-08 12:24:55,
443437026,美少年之恋,,https://img2.doubanio.com/view/photo/m_ratio_poster/public/p673858463.jpg,1998-08-14(中国香港),https://movie.douban.com/subject/1306317/,7.5,"剧情,爱情,同性",3,"我擦,彦祖也有生涩的时候啊！受不鸟了..这演技也太差劲了吧..是不是大家都刚出道啊…不过看在冯德伦和彦祖的平囊上..三颗星吧",,2011-10-06 13:39:11,
441417002,全球热恋,,https://img1.doubanio.com/view/photo/m_ratio_poster/public/p1154009068.jpg,2011-09-08(中国大陆),https://movie.douban.com/subject/5290729/,5.6,"喜剧,爱情",2,不算好啊.,,2011-09-30 23:01:38,
438791738,登天之路：西藏开山大运输,,https://img9.doubanio.com/view/photo/m_ratio_poster/public/p2593827645.jpg,2010-11-21(日本),https://movie.douban.com/subject/6730005/,9.4,纪录片,5,,,2011-09-23 00:02:25,
438047366,炮友,,https://img1.doubanio.com/view/photo/m_ratio_poster/public/p1297811248.jpg,2011-07-22(美国),https://movie.douban.com/subject/4826330/,6.6,"喜剧,爱情",3,,,2011-09-20 15:20:23,
435621475,本杰明·巴顿奇事,,https://img2.doubanio.com/view/photo/m_ratio_poster/public/p2192535722.jpg,2008-12-25(美国),https://movie.douban.com/subject/1485260/,9,"剧情,爱情,奇幻",3,,,2011-09-12 22:48:29,
432323093,飓风营救,,https://img1.doubanio.com/view/photo/m_ratio_poster/public/p1595764830.jpg,2008-04-09(中国大陆),https://movie.douban.com/subject/2124586/,8.3,"剧情,动作,惊悚",4,CIA什么的太牛了！,,2011-09-02 20:43:23,
431091747,加勒比海盗4：惊涛怪浪,,https://img2.doubanio.com/view/photo/m_ratio_poster/public/p995422651.jpg,2011-05-20(中国大陆),https://movie.douban.com/subject/3227410/,7.8,"动作,奇幻,冒险",3,,,2011-08-30 01:44:36,
430003784,乱战,,https://img1.doubanio.com/view/photo/m_ratio_poster/public/p620186418.jpg,2007-03-09(中国大陆),https://movie.douban.com/subject/1493481/,7.1,"剧情,动作,惊悚",3,,,2011-08-27 00:55:41,
429639308,游侠,,https://img2.doubanio.com/view/photo/m_ratio_poster/public/p858293602.jpg,2007-08-24(美国),https://movie.douban.com/subject/1507151/,6.5,"动作,惊悚,犯罪",3,吊车尾的结局即使是斯坦森都拯救不了！,,2011-08-26 01:14:50,
429412532,肩上蝶,,https://img1.doubanio.com/view/photo/m_ratio_poster/public/p1070583269.jpg,2011-07-08(中国大陆),https://movie.douban.com/subject/4166487/,4.9,"剧情,爱情,动画",2,,,2011-08-25 14:15:29,
429248249,藏獒多吉,,https://img9.doubanio.com/view/photo/m_ratio_poster/public/p1095763116.jpg,2011-07-15(中国大陆),https://movie.douban.com/subject/5948613/,8,"剧情,动画,悬疑",2,就是看不惯这样的故事情节！,,2011-08-24 23:36:47,
428885150,窃听风云2,,https://img9.doubanio.com/view/photo/m_ratio_poster/public/p2075072996.jpg,2011-08-18(中国大陆),https://movie.douban.com/subject/5422105/,7.6,"剧情,动作,悬疑",4,,,2011-08-23 23:43:40,
428014323,功夫熊猫2,,https://img1.doubanio.com/view/photo/m_ratio_poster/public/p877183898.jpg,2011-05-28(中国大陆),https://movie.douban.com/subject/3233635/,8,"喜剧,动作,动画",4,,,2011-08-21 16:34:50,
427808357,速度与激情5,,https://img2.doubanio.com/view/photo/m_ratio_poster/public/p898634801.jpg,2011-05-12(中国大陆),https://movie.douban.com/subject/4286017/,8.5,"动作,犯罪",4,,,2011-08-20 23:34:50,
426004754,魁拔之十万火急,,https://img9.doubanio.com/view/photo/m_ratio_poster/public/p1091122584.jpg,2011-07-08(中国大陆),https://movie.douban.com/subject/4812830/,8.2,"动画,儿童,奇幻",4,日风的中国动画,,2011-08-15 21:39:23,
426000920,秒速5厘米,,https://img2.doubanio.com/view/photo/m_ratio_poster/public/p982896012.jpg,2007-03-03(日本),https://movie.douban.com/subject/2043546/,8.3,"剧情,爱情,动画",4,无法得到的爱情所带来的淡淡的忧伤,,2011-08-15 21:30:12,
417420285,钢的琴,,https://img1.doubanio.com/view/photo/m_ratio_poster/public/p511447359.jpg,2011-07-15(中国大陆),https://movie.douban.com/subject/4876722/,8.5,"剧情,喜剧",3,,,2011-08-15 10:42:29,
425465413,小屁孩日记,,https://img1.doubanio.com/view/photo/m_ratio_poster/public/p500460679.jpg,2010-03-19,https://movie.douban.com/subject/3003836/,7.2,"喜剧,家庭",3,,,2011-08-14 15:12:49,
418196328,白夜行,,https://img2.doubanio.com/view/photo/m_ratio_poster/public/p889409962.jpg,2011-01-29(日本),https://movie.douban.com/subject/4822829/,6.9,"剧情,悬疑",3,,,2011-07-26 00:02:11,
417556150,海贼王3D电影版：追寻草帽,,https://img9.doubanio.com/view/photo/m_ratio_poster/public/p1597386145.jpg,2011-03-19,https://movie.douban.com/subject/6064183/,7.5,动画,3,,,2011-07-24 11:29:46,
417106248,离开,,https://img1.doubanio.com/view/photo/m_ratio_poster/public/p2531039107.jpg,2009-08-12,https://movie.douban.com/subject/3407770/,6.3,"剧情,爱情",2,,,2011-07-23 01:22:58,
417105041,水晶男孩,,https://img1.doubanio.com/view/photo/m_ratio_poster/public/p1444254927.jpg,2000-07-04,https://movie.douban.com/subject/1766363/,8.1,"剧情,爱情,同性",2,木基情！！！,,2011-07-23 01:18:35,
416714965,我的大四,,https://img1.doubanio.com/view/photo/m_ratio_poster/public/p2873425349.jpg,2002-10-13,https://movie.douban.com/subject/1992896/,5.7,剧情,2,,,2011-07-22 01:52:08,
416321386,流年更美丽,,https://img9.doubanio.com/view/photo/m_ratio_poster/public/p2515510326.jpg,2006-10-24,https://movie.douban.com/subject/2296206/,7.3,"剧情,同性",3,,,2011-07-21 01:14:32,
416257876,爱即所求,,https://img2.doubanio.com/view/photo/m_ratio_poster/public/p2324552652.jpg,2009-11-03,https://movie.douban.com/subject/4147107/,7.6,"剧情,喜剧,爱情",3,,,2011-07-20 22:08:03,
415932828,欲盖弄潮,,https://img1.doubanio.com/view/photo/m_ratio_poster/public/p1414965747.jpg,2008-03-21(美国),https://movie.douban.com/subject/2338019/,8.1,"剧情,爱情,同性",3,,,2011-07-20 01:21:18,
415555287,养子十五岁,,https://img2.doubanio.com/view/photo/m_ratio_poster/public/p2365512421.jpg,2008-09-12(瑞典),https://movie.douban.com/subject/3243344/,8.1,"剧情,喜剧,同性",3,,,2011-07-19 00:56:18,
415508251,心底的逆流,,https://img9.doubanio.com/view/photo/m_ratio_poster/public/p1072403855.jpg,2009-09-23(圣塞巴斯蒂安电影节),https://movie.douban.com/subject/4270672/,8.4,"剧情,同性",3,,,2011-07-18 21:55:07,
415201278,天佑鲍比,,https://img2.doubanio.com/view/photo/m_ratio_poster/public/p1662271271.jpg,2009-01-24,https://movie.douban.com/subject/3154003/,8.9,"剧情,同性,传记",4,,,2011-07-18 00:49:56,
414923999,男国少年梦,,https://img2.doubanio.com/view/photo/m_ratio_poster/public/p906666951.jpg,2006-04-01,https://movie.douban.com/subject/1917323/,7.3,"剧情,爱情,同性",3,,,2011-07-17 12:43:32,
414812864,炽爱,,https://img1.doubanio.com/view/photo/m_ratio_poster/public/p1079285789.jpg,2007-02-23,https://movie.douban.com/subject/2062967/,7.8,"剧情,同性",4,,,2011-07-17 00:29:56,
414555208,爱之食粮,,https://img9.doubanio.com/view/photo/m_ratio_poster/public/p2515510215.jpg,2002-02-08,https://movie.douban.com/subject/2084525/,6.9,"剧情,同性,音乐",3,,,2011-07-16 13:36:55,
414477884,爱上验尸官,,https://img1.doubanio.com/view/photo/m_ratio_poster/public/p2508992069.jpg,2007,https://movie.douban.com/subject/3782817/,7.3,"剧情,同性,犯罪",3,,,2011-07-16 02:22:53,
413574614,东区故事,,https://img2.doubanio.com/view/photo/m_ratio_poster/public/p2521376311.jpg,2006-10-09,https://movie.douban.com/subject/2333435/,6.8,"喜剧,爱情,同性",3,,,2011-07-13 16:40:45,
413574513,基佬大厨,,https://img2.doubanio.com/view/photo/m_ratio_poster/public/p2117450063.jpg,2008-04-11(西班牙),https://movie.douban.com/subject/2118252/,7.5,"喜剧,爱情,同性",3,,,2011-07-13 16:40:30,
413237107,好雨时节,,https://img2.doubanio.com/view/photo/m_ratio_poster/public/p465526682.jpg,2009-10-08(韩国),https://movie.douban.com/subject/3401409/,6.4,"剧情,爱情",3,,,2011-07-12 17:42:37,
412960702,借刀杀人,,https://img9.doubanio.com/view/photo/m_ratio_poster/public/p2160803474.jpg,2004-08-06(美国),https://movie.douban.com/subject/1308762/,7.5,"剧情,惊悚,犯罪",3,,,2011-07-11 22:09:23,
412836970,肚子痛的核电站君,,https://img1.doubanio.com/view/photo/m_ratio_poster/public/p2536493767.jpg,,https://movie.douban.com/subject/6041194/,7.8,"动画,短片",2,,,2011-07-11 16:26:20,
412833032,南极料理人,,https://img1.doubanio.com/view/photo/m_ratio_poster/public/p575432919.jpg,2009-08-08(日本),https://movie.douban.com/subject/3399559/,8.3,喜剧,2,,,2011-07-11 16:14:34,
412400772,情非寻常,,https://img1.doubanio.com/view/photo/m_ratio_poster/public/p2540414387.jpg,2002,https://movie.douban.com/subject/1859781/,7.5,"剧情,同性",3,,,2011-07-10 13:43:24,
412366436,萨米大冒险,,https://img1.doubanio.com/view/photo/m_ratio_poster/public/p757420578.jpg,2012-09-30(中国大陆),https://movie.douban.com/subject/3074533/,6.9,"动画,冒险",3,,,2011-07-10 11:57:47,
412328036,银行大劫案,,https://img2.doubanio.com/view/photo/m_ratio_poster/public/p1060994552.jpg,2008-02-28(英国),https://movie.douban.com/subject/1889152/,7.5,"剧情,惊悚,犯罪",4,,,2011-07-10 09:32:14,
412275991,转轮手枪,,https://img9.doubanio.com/view/photo/m_ratio_poster/public/p793563436.jpg,2005-09-22,https://movie.douban.com/subject/1437128/,7.1,"剧情,动作,悬疑",3,哦，NO，斯坦森终于有头发了！！！！！！！！,,2011-07-10 00:36:38,
412113189,恋爱求证,,https://img2.doubanio.com/view/photo/m_ratio_poster/public/p2388100541.jpg,2010,https://movie.douban.com/subject/4219668/,7,"爱情,同性",3,,,2011-07-09 17:51:13,
412067268,魔发奇缘,,https://img1.doubanio.com/view/photo/m_ratio_poster/public/p707509468.jpg,2011-02-03(中国台湾),https://movie.douban.com/subject/1863766/,8.3,"喜剧,动画,冒险",4,,,2011-07-09 15:33:49,
411962457,隔壁的男孩,,https://img1.doubanio.com/view/photo/m_ratio_poster/public/p1089122708.jpg,2008,https://movie.douban.com/subject/3696913/,7.6,"剧情,短片,同性",3,,,2011-07-09 09:52:40,
411959424,伴郎,,https://img2.doubanio.com/view/photo/m_ratio_poster/public/p2623530601.jpg,2007-10-11,https://movie.douban.com/subject/3523261/,7.6,"剧情,短片,同性",3,,,2011-07-09 09:37:22,
411951375,我很勇敢,,https://img9.doubanio.com/view/photo/m_ratio_poster/public/p2873130346.jpg,2010-11-01,https://movie.douban.com/subject/5355157/,7.6,"动画,悬疑,短片",4,,,2011-07-09 08:57:24,
411780263,只是爱的问题,,https://img2.doubanio.com/view/photo/m_ratio_poster/public/p1741019741.jpg,2000-01-26(法国),https://movie.douban.com/subject/1820098/,7.8,"剧情,爱情,同性",4,男二有点像吴彦祖诶,,2011-07-08 18:36:32,
411744126,兄弟情人,,https://img9.doubanio.com/view/photo/m_ratio_poster/public/p1252217264.jpg,2009-12-18,https://movie.douban.com/subject/3781860/,7.1,"剧情,同性",4,"胡渣男神马的完全受不鸟啊...
",,2011-07-08 16:45:03,
411721447,你好，再见,,https://img1.doubanio.com/view/photo/m_ratio_poster/public/p523684897.jpg,2008-12-05,https://movie.douban.com/subject/2971730/,8.1,"剧情,爱情,同性",3,,,2011-07-08 15:39:07,
411559118,隐藏的恋情,,https://img2.doubanio.com/view/photo/m_ratio_poster/public/p1716549482.jpg,2005-03-07(法国),https://movie.douban.com/subject/1946786/,8.6,"剧情,爱情,同性",4,,,2011-07-08 00:30:09,
411433308,草莓百分百,,https://img2.doubanio.com/view/photo/m_ratio_poster/public/p1083137672.jpg,2011-04-22(中国大陆),https://movie.douban.com/subject/5416009/,6.9,"剧情,喜剧",3,,,2011-07-07 18:38:38,
411172936,外出就餐3：饕餮自助,,https://img2.doubanio.com/view/photo/m_ratio_poster/public/p877442193.jpg,2009-10-09,https://movie.douban.com/subject/3864367/,6.6,"喜剧,爱情,同性",3,,,2011-07-06 22:41:32,
411120514,米尔克,,https://img2.doubanio.com/view/photo/m_ratio_poster/public/p2434259081.jpg,2008-11-26(美国),https://movie.douban.com/subject/2336737/,8.3,"剧情,同性,传记",5,,,2011-07-06 20:29:00,
411084705,外出就餐,,https://img2.doubanio.com/view/photo/m_ratio_poster/public/p877435491.jpg,2004-02-14,https://movie.douban.com/subject/1434218/,6.7,"喜剧,同性",4,,,2011-07-06 18:33:18,
411041876,旅程,,https://img1.doubanio.com/view/photo/m_ratio_poster/public/p918415208.jpg,2002-05-05,https://movie.douban.com/subject/1794073/,8.1,"剧情,喜剧,爱情",4,,,2011-07-06 16:26:41,
410802415,吻,,https://img1.doubanio.com/view/photo/m_ratio_poster/public/p2500087779.jpg,2007-11-16,https://movie.douban.com/subject/3828487/,7.1,"爱情,短片,同性",2,,,2011-07-05 21:54:52,
410801007,幸运蓝,,https://img9.doubanio.com/view/photo/m_ratio_poster/public/p1740919635.jpg,2007-01-30,https://movie.douban.com/subject/2062965/,7.3,"爱情,短片,同性",2,,,2011-07-05 21:51:49,
410778052,青涩恋爱,,https://img2.doubanio.com/view/photo/m_ratio_poster/public/p2508720151.jpg,2008-10-16(Cortopolis电影节),https://movie.douban.com/subject/4215668/,8,"爱情,短片,同性",3,,,2011-07-05 20:57:22,
410771194,爱，牵手,,https://img2.doubanio.com/view/photo/m_ratio_poster/public/p2359069202.jpg,2010-07-18(帕利尼电影节),https://movie.douban.com/subject/5941455/,8.7,"剧情,爱情,短片",4,,,2011-07-05 20:39:12,
410763098,心动初体验,,https://img9.doubanio.com/view/photo/m_ratio_poster/public/p2541622894.jpg,2000-06-22,https://movie.douban.com/subject/2006364/,8.1,"剧情,喜剧,短片",3,有个闺蜜的gay真是伤不起啊有么有,,2011-07-05 20:18:01,
410744274,超时空接触,,https://img1.doubanio.com/view/photo/m_ratio_poster/public/p453499268.jpg,1997-07-11,https://movie.douban.com/subject/1295647/,8.4,"剧情,科幻,悬疑",5,,,2011-07-05 19:25:00,
410693888,想听到说相爱,,https://img9.doubanio.com/view/photo/m_ratio_poster/public/p753525475.jpg,2010-01-14(泰国),https://movie.douban.com/subject/4942465/,6.6,爱情,3,,,2011-07-05 16:44:54,
410615478,你，我和他,,https://img1.doubanio.com/view/photo/m_ratio_poster/public/p1633051539.jpg,2007-11-22,https://movie.douban.com/subject/3114575/,7.2,"剧情,短片,同性",3,,,2011-07-05 13:01:52,
410521264,我的军中情人,,https://img1.doubanio.com/view/photo/m_ratio_poster/public/p1815857288.jpg,2004-01-15,https://movie.douban.com/subject/1308660/,7.7,"剧情,爱情,同性",4,,,2011-07-05 01:50:08,
410514611,天雷勾动地火,,https://img2.doubanio.com/view/photo/m_ratio_poster/public/p2503262842.jpg,1999-07-23,https://movie.douban.com/subject/1298930/,7.7,"喜剧,爱情,同性",3,,,2011-07-05 01:04:30,
410386030,爷爷的煤油灯,,https://img1.doubanio.com/view/photo/m_ratio_poster/public/p2554363367.jpg,2011-03-05(日本),https://movie.douban.com/subject/6001038/,8.3,"动画,家庭,儿童",4,,,2011-07-04 19:20:23,
410376679,空想新子和千年的魔法,,https://img1.doubanio.com/view/photo/m_ratio_poster/public/p2198419957.jpg,2009-11-22(日本),https://movie.douban.com/subject/4067285/,7.7,"剧情,动画",3,童年的美好和一颗爱幻想的种子,,2011-07-04 18:47:59,
410374149,篮球和数学,,https://img9.doubanio.com/view/photo/m_ratio_poster/public/p2515604476.jpg,2009,https://movie.douban.com/subject/4230131/,6.8,"剧情,短片,同性",3,,,2011-07-04 18:39:21,
401951112,兰戈,,https://img2.doubanio.com/view/photo/m_ratio_poster/public/p1000880652.jpg,2011-02-14(韦斯特伍德首映),https://movie.douban.com/subject/2998253/,8,"喜剧,动作,动画",3,,,2011-07-01 15:19:46,
408826291,你看起来好像很好吃,,https://img2.doubanio.com/view/photo/m_ratio_poster/public/p709670262.jpg,2010-10-16(日本),https://movie.douban.com/subject/4848115/,8.9,"剧情,动画,儿童",3,,,2011-06-30 14:37:53,
408697931,保罗,,https://img1.doubanio.com/view/photo/m_ratio_poster/public/p2110513689.jpg,2011-02-14(英国),https://movie.douban.com/subject/2999913/,7.6,"喜剧,科幻,冒险",3,,,2011-06-30 01:14:35,
408533562,另一部同志电影,,https://img1.doubanio.com/view/photo/m_ratio_poster/public/p2520871220.jpg,2006-04-28,https://movie.douban.com/subject/1874220/,6,"喜剧,同性",3,,,2011-06-29 17:17:44,
408506903,裸婚时代,,https://img2.doubanio.com/view/photo/m_ratio_poster/public/p2363608931.jpg,2011-06-03(中国大陆),https://movie.douban.com/subject/5958582/,7.7,"剧情,爱情,家庭",4,我看的第一部国产现代爱情连续剧，挺纠结的一部片子,,2011-06-29 15:59:45,
407629703,千年女优,,https://img9.doubanio.com/view/photo/m_ratio_poster/public/p2215102596.jpg,2001-07-28(加拿大奇幻电影节),https://movie.douban.com/subject/1307394/,8.8,"剧情,爱情,动画",3,,,2011-06-26 22:27:49,
407629454,穿越时空的少女,,https://img9.doubanio.com/view/photo/m_ratio_poster/public/p2079334286.jpg,2006-07-15(日本),https://movie.douban.com/subject/1937946/,8.6,"剧情,爱情,科幻",4,,,2011-06-26 22:27:16,
407629195,怦然心动,,https://img1.doubanio.com/view/photo/m_ratio_poster/public/p501177648.jpg,2010-07-26(好莱坞首映),https://movie.douban.com/subject/3319755/,9.1,"剧情,喜剧,爱情",4,,,2011-06-26 22:26:44,
407258693,加勒比海盗3：世界的尽头,,https://img1.doubanio.com/view/photo/m_ratio_poster/public/p2407916208.jpg,2007-06-12(中国大陆),https://movie.douban.com/subject/1418192/,8.3,"动作,奇幻,冒险",4,,,2011-06-25 22:45:43,
406924381,加勒比海盗2：聚魂棺,,https://img2.doubanio.com/view/photo/m_ratio_poster/public/p1076822803.jpg,2006-07-07(美国),https://movie.douban.com/subject/1315574/,8.4,"动作,奇幻,冒险",4,感觉比1更好看了！,,2011-06-25 00:14:29,
406777980,加勒比海盗,,https://img9.doubanio.com/view/photo/m_ratio_poster/public/p1596085504.jpg,2003-11-21(中国大陆),https://movie.douban.com/subject/1298070/,8.8,"动作,奇幻,冒险",4,,,2011-06-24 17:30:23,
406725007,速度与激情4,,https://img1.doubanio.com/view/photo/m_ratio_poster/public/p2230413708.jpg,2009-04-15(中国大陆),https://movie.douban.com/subject/2132930/,7.8,"动作,犯罪",4,,,2011-06-24 14:43:39,
406601331,速度与激情3：东京漂移,,https://img9.doubanio.com/view/photo/m_ratio_poster/public/p1035097366.jpg,2006-06-16(美国),https://movie.douban.com/subject/1652618/,7,"动作,犯罪",3,,,2011-06-24 02:15:47,
406589920,速度与激情2,,https://img9.doubanio.com/view/photo/m_ratio_poster/public/p2234440406.jpg,2003-06-03(美国),https://movie.douban.com/subject/1307442/,7.5,"动作,犯罪",3,,,2011-06-24 00:53:43,
406409369,速度与激情,,https://img9.doubanio.com/view/photo/m_ratio_poster/public/p1033539605.jpg,2001-06-22(美国),https://movie.douban.com/subject/1304899/,7.9,"动作,犯罪",3,,,2011-06-23 15:53:24,
405867300,死亡飞车,,https://img1.doubanio.com/view/photo/m_ratio_poster/public/p1004007969.jpg,2008-08-22(美国),https://movie.douban.com/subject/2132412/,7.6,"动作,科幻,惊悚",4,俩字：带感！,,2011-06-21 23:13:49,
405816850,死亡飞车2,,https://img2.doubanio.com/view/photo/m_ratio_poster/public/p2733014201.jpg,2010-12-27(英国),https://movie.douban.com/subject/4005190/,6.4,"动作,科幻,惊悚",3,没啥看头,,2011-06-21 21:21:06,
405526034,巴尼的人生,,https://img9.doubanio.com/view/photo/m_ratio_poster/public/p1150554855.jpg,2010-12-24(加拿大),https://movie.douban.com/subject/3718460/,8.2,剧情,3,我搞不懂一个人的一声怎么就值得豆瓣推荐我看了？,,2011-06-20 23:56:14,
405363552,源代码,,https://img9.doubanio.com/view/photo/m_ratio_poster/public/p988260245.jpg,2011-08-30(中国大陆),https://movie.douban.com/subject/3075287/,8.5,"科幻,悬疑,惊悚",5,源代码的平行世界！太神奇了！,,2011-06-20 16:59:54,
405147676,未知电影,,https://img2.doubanio.com/f/frodo/753fa1e93c945e533e52dddab73b2b55a1083083/pics/subject/movie_large.jpg,,https://movie.douban.com/subject/6114876/,0,,1,扯淡的剧情！,,2011-06-19 23:43:20,
405053635,生化危机,,https://img2.doubanio.com/view/photo/m_ratio_poster/public/p2174120073.jpg,2002-03-15(美国),https://movie.douban.com/subject/1306809/,8.2,"动作,科幻,恐怖",3,功夫熊猫2下下来结果是坑爹的生化，重要的是我还看完了？！,,2011-06-19 20:18:49,
404949724,借东西的小人阿莉埃蒂,,https://img9.doubanio.com/view/photo/m_ratio_poster/public/p617533616.jpg,2010-07-17(日本),https://movie.douban.com/subject/4202302/,8.9,"动画,奇幻,冒险",4,有一种悸动叫做无法言表，朋友之间的友谊永远是永恒的真谛,,2011-06-19 15:49:15,
402710623,怒火攻心2：高压电,,https://img2.doubanio.com/view/photo/m_ratio_poster/public/p1501108792.jpg,2009-04-16,https://movie.douban.com/subject/3011574/,7,"动作,惊悚,犯罪",4,比1搞笑多了，哈哈，做爱场景也比1开放多了,,2011-06-13 18:13:49,
402230182,怒火攻心,,https://img1.doubanio.com/view/photo/m_ratio_poster/public/p456446128.jpg,2006-09-01(美国),https://movie.douban.com/subject/1849959/,7.4,"动作,惊悚,犯罪",3,正如剧情一样，这电影容易让人肾上腺激素分泌过剩！,,2011-06-13 15:14:48,
402230419,两杆大烟枪,,https://img1.doubanio.com/view/photo/m_ratio_poster/public/p792443418.jpg,1998-08-28(英国),https://movie.douban.com/subject/1293350/,9.1,"剧情,喜剧,犯罪",3,我承认我没看懂，就是觉得有点搞笑而已...,,2011-06-12 18:59:48,
140918175,机器侠,,https://img9.doubanio.com/view/photo/m_ratio_poster/public/p1507616164.jpg,2009-08-18(中国大陆),https://movie.douban.com/subject/3990500/,5.3,"喜剧,动作,爱情",3,就那点笑点了，K-1的造型还是山寨的，哎！,,2011-06-10 19:56:19,
399661700,隐婚男女,,https://img9.doubanio.com/view/photo/m_ratio_poster/public/p913021996.jpg,2011-04-08(中国大陆),https://movie.douban.com/subject/5294324/,5.6,"剧情,爱情",3,,,2011-06-06 10:39:53,
399133477,倩女幽魂,,https://img2.doubanio.com/view/photo/m_ratio_poster/public/p936102091.jpg,2011-04-19(中国大陆),https://movie.douban.com/subject/3711760/,5.4,"剧情,惊悚,奇幻",2,敢不敢做的再难看一点,,2011-06-05 00:29:03,
138187171,错爱,,https://img1.doubanio.com/view/photo/m_ratio_poster/public/p2509282980.jpg,2005-07-12,https://movie.douban.com/subject/2057289/,7.5,"剧情,短片,同性",4,,,2011-05-28 22:33:48,
144989040,画中情思,,https://img1.doubanio.com/view/photo/m_ratio_poster/public/p2422308100.jpg,2001-03-30(泰国),https://movie.douban.com/subject/1937053/,8.1,"剧情,爱情",2,,泰国,2011-05-27 21:10:12,
394720077,致命魔术,,https://img9.doubanio.com/view/photo/m_ratio_poster/public/p480383375.jpg,2006-10-17(罗马电影节),https://movie.douban.com/subject/1780330/,8.9,"剧情,悬疑,惊悚",3,,,2011-05-25 01:48:51,
394318926,爱情无线牵,,https://img9.doubanio.com/view/photo/m_ratio_poster/public/p791084395.jpg,2011-01-11(加州首映),https://movie.douban.com/subject/3652302/,6.6,"喜剧,爱情",3,为帅哥打分！,,2011-05-24 01:09:05,
391677730,此间的少年,,https://img1.doubanio.com/view/photo/m_ratio_poster/public/p953405720.jpg,2010-12-23(中国大陆),https://movie.douban.com/subject/5262027/,7.6,"剧情,喜剧",3,,,2011-05-17 22:31:11,
390746759,里约大冒险,,https://img1.doubanio.com/view/photo/m_ratio_poster/public/p2170811687.jpg,2011-04-08(中国大陆),https://movie.douban.com/subject/3731581/,8.3,"喜剧,动画,冒险",4,,,2011-05-15 17:36:58,
388731127,关云长,,https://img1.doubanio.com/view/photo/m_ratio_poster/public/p957241818.jpg,2011-04-26(中国大陆),https://movie.douban.com/subject/4821046/,5,"动作,传记,历史",2,,,2011-05-10 21:59:04,
388056595,丛林有情狼,,https://img2.doubanio.com/view/photo/m_ratio_poster/public/p871731481.jpg,2011-02-25(中国大陆),https://movie.douban.com/subject/3026555/,6.5,"喜剧,爱情,动画",2,,,2011-05-09 00:15:39,
387195531,听到涛声,,https://img2.doubanio.com/view/photo/m_ratio_poster/public/p1137708892.jpg,1993-05-05(日本),https://movie.douban.com/subject/1418640/,8.2,"剧情,爱情,动画",4,,,2011-05-07 01:25:29,
387151060,假如爱有天意,,https://img2.doubanio.com/view/photo/m_ratio_poster/public/p479746811.jpg,2003-01-30,https://movie.douban.com/subject/1304073/,8.4,"剧情,爱情",4,故事很好，但是男主不帅，扣一颗星,,2011-05-06 23:29:49,
386710368,火影忍者疾风传剧场版：鸣人、魔神与三个愿望,,https://img2.doubanio.com/view/photo/m_ratio_poster/public/p2537209901.jpg,2010-07-31(日本),https://movie.douban.com/subject/6223838/,7,"动作,动画,武侠",3,,,2011-05-05 21:45:58,
386304182,火影忍者疾风传剧场版：失落之塔,,https://img9.doubanio.com/view/photo/m_ratio_poster/public/p2263727884.jpg,2010-07-31,https://movie.douban.com/subject/5326539/,7,动画,3,,,2011-05-04 20:35:30,
386303995,机械师,,https://img1.doubanio.com/view/photo/m_ratio_poster/public/p1008022297.jpg,2012-08-02(中国大陆),https://movie.douban.com/subject/3006783/,7.2,"动作,惊悚",4,为了斯坦森，我要顶了，结局牛了去了,,2011-05-04 20:35:04,
385545662,年轻的维多利亚,,https://img2.doubanio.com/view/photo/m_ratio_poster/public/p1313979253.jpg,2009-03-06(英国),https://movie.douban.com/subject/2133340/,7.3,"剧情,爱情,传记",4,看的好动人心弦,,2011-05-02 20:53:27,
385466818,赤焰战场,,https://img1.doubanio.com/view/photo/m_ratio_poster/public/p2536150267.jpg,2011-04-01(中国大陆),https://movie.douban.com/subject/3104794/,7.6,"喜剧,动作,惊悚",3,,,2011-05-02 17:50:36,
385185968,单身男女,,https://img2.doubanio.com/view/photo/m_ratio_poster/public/p918517782.jpg,2011-03-31(中国大陆),https://movie.douban.com/subject/4724739/,6.8,"喜剧,爱情",4,帅哥，不予以评价，哈哈,,2011-05-01 23:38:46,
385049525,刀见笑,,https://img9.doubanio.com/view/photo/m_ratio_poster/public/p896131596.jpg,2011-03-17(中国大陆),https://movie.douban.com/subject/4051608/,5.9,"喜剧,动作,武侠",3,,,2011-05-01 19:07:32,
384698275,前度,,https://img1.doubanio.com/view/photo/m_ratio_poster/public/p509221460.jpg,2010-12-30(中国大陆),https://movie.douban.com/subject/4709904/,7,爱情,3,,,2011-04-30 22:07:10,
384243485,整编特工,,https://img9.doubanio.com/view/photo/m_ratio_poster/public/p454078045.jpg,2011-03-22(中国大陆),https://movie.douban.com/subject/3154909/,6.2,"喜剧,动作,爱情",3,男主角各种帅！,,2011-04-29 21:10:17,
383223782,观音山,,https://img9.doubanio.com/view/photo/m_ratio_poster/public/p860965126.jpg,2011-03-03(中国大陆),https://movie.douban.com/subject/4059245/,7.1,"剧情,爱情",3,我只是来看方励的，哈哈！,,2011-04-26 23:48:58,
381148064,赢家,,https://img1.doubanio.com/view/photo/m_ratio_poster/public/p944313458.jpg,2011-04-21(中国大陆),https://movie.douban.com/subject/5954347/,6.6,剧情,3,,,2011-04-21 23:28:17,
377716624,黑天鹅,,https://img9.doubanio.com/view/photo/m_ratio_poster/public/p2549648344.jpg,2010-09-01(威尼斯电影节),https://movie.douban.com/subject/1978709/,8.6,"剧情,惊悚",4,这个人格分裂的太纠结了,,2011-04-13 12:33:17,
377233483,海贼王剧场版10：强者天下,,https://img2.doubanio.com/view/photo/m_ratio_poster/public/p2203803601.jpg,2009-12-12(日本),https://movie.douban.com/subject/3915458/,8.7,"动画,奇幻",4,要不是结局狗血了一点，所不定还能打个五分...打斗不精彩，但是坚持了海贼一贯的搞笑风格~,,2011-04-11 23:03:29,
374595066,爱·回家,,https://img9.doubanio.com/view/photo/m_ratio_poster/public/p2107418134.jpg,2002-04-05(韩国),https://movie.douban.com/subject/1299361/,9.1,"剧情,家庭",4,,,2011-04-05 17:18:24,
374554425,海贼王TV版特别篇：父亲宏大的理想,,https://img2.doubanio.com/view/photo/m_ratio_poster/public/p2633683631.jpg,2003-04-06(日本),https://movie.douban.com/subject/3824656/,8,动画,4,,,2011-04-05 15:49:31,
374554281,海贼王剧场版8：沙漠公主与海盗们,,https://img1.doubanio.com/view/photo/m_ratio_poster/public/p2300517400.jpg,2007-03-03,https://movie.douban.com/subject/2085498/,8.2,"剧情,喜剧,动作",4,,,2011-04-05 15:49:04,
374553965,海贼王剧场版3：珍兽岛的乔巴王国,,https://img9.doubanio.com/view/photo/m_ratio_poster/public/p2300514704.jpg,2002-03-02(日本),https://movie.douban.com/subject/2252594/,7.8,"喜剧,动作,动画",4,,,2011-04-05 15:48:14,
374553886,海贼王剧场版4：死亡尽头的冒险,,https://img2.doubanio.com/view/photo/m_ratio_poster/public/p2171251372.jpg,2003-03-01(日本),https://movie.douban.com/subject/2279997/,8.2,"喜剧,动作,动画",4,,,2011-04-05 15:48:03,
374553805,海贼王剧场版5：被诅咒的圣剑,,https://img9.doubanio.com/view/photo/m_ratio_poster/public/p987661155.jpg,2004-03-06(日本),https://movie.douban.com/subject/2280004/,7.7,动画,4,,,2011-04-05 15:47:50,
374553735,海贼王剧场版2：发条岛的冒险,,https://img2.doubanio.com/view/photo/m_ratio_poster/public/p2300514062.jpg,2001-03-03(日本),https://movie.douban.com/subject/1856674/,7.7,"喜剧,动画,奇幻",3,,,2011-04-05 15:47:37,
374553681,海贼王剧场版7：机关城的机械巨兵,,https://img2.doubanio.com/view/photo/m_ratio_poster/public/p2300511653.jpg,2006-03-04,https://movie.douban.com/subject/1860453/,7.8,"喜剧,动作,科幻",4,,,2011-04-05 15:47:27,
374553565,海贼王剧场版1：黄金岛冒险,,https://img9.doubanio.com/view/photo/m_ratio_poster/public/p2300512475.jpg,2000-03-04(日本),https://movie.douban.com/subject/1856675/,7.8,"喜剧,动作,动画",4,,,2011-04-05 15:47:10,
373374086,地心游记,,https://img2.doubanio.com/view/photo/m_ratio_poster/public/p2869503801.jpg,2008-01-27,https://movie.douban.com/subject/3124149/,5.1,"动作,奇幻,冒险",2,太挫了……,,2011-04-02 23:25:28,
354241356,127小时,,https://img9.doubanio.com/view/photo/m_ratio_poster/public/p839469694.jpg,2010-11-05(美国),https://movie.douban.com/subject/4164444/,8.1,"剧情,传记,冒险",4,为了这份勇敢我要打分！,,2011-02-15 17:40:43,
354101249,魔术师,,https://img9.doubanio.com/view/photo/m_ratio_poster/public/p791086335.jpg,2010-06-16(法国),https://movie.douban.com/subject/1921583/,8.7,"剧情,动画",4,"伟大的父爱|其实我一直在纠结老魔术师以后该如何生存的...特别揪心",,2011-02-15 12:54:04,
353905439,国王的演讲,,https://img1.doubanio.com/view/photo/m_ratio_poster/public/p768879237.jpg,2012-02-24(中国大陆),https://movie.douban.com/subject/4023638/,8.4,"剧情,传记,历史",4,,,2011-02-14 22:09:30,
352963989,魔法师的学徒,,https://img9.doubanio.com/view/photo/m_ratio_poster/public/p605523016.jpg,2010-09-09(中国大陆),https://movie.douban.com/subject/3267120/,6.2,"剧情,喜剧,动作",3,,,2011-02-12 20:43:54,
349646562,新少林寺,,https://img1.doubanio.com/view/photo/m_ratio_poster/public/p788475809.jpg,2011-01-19(中国大陆),https://movie.douban.com/subject/4097023/,6.2,"剧情,动作",4,"火药和功夫的对决 | 感情与利益的冲突",,2011-02-05 15:11:28,
346148815,喜羊羊与灰太狼之兔年顶呱呱,,https://img2.doubanio.com/view/photo/m_ratio_poster/public/p2173291833.jpg,2011-01-21(中国大陆),https://movie.douban.com/subject/5364978/,7.3,"喜剧,动画",3,,,2011-01-27 23:29:06,
345201282,魔女宅急便,,https://img2.doubanio.com/view/photo/m_ratio_poster/public/p456676352.jpg,1989-07-29(日本),https://movie.douban.com/subject/1307811/,8.7,"动画,奇幻,冒险",4,,,2011-01-25 22:39:57,
343401354,百变狸猫,,https://img9.doubanio.com/view/photo/m_ratio_poster/public/p2156875496.jpg,1994-07-16(日本),https://movie.douban.com/subject/1303907/,8.6,"剧情,喜剧,动画",3,又是一部环境的呢,,2011-01-22 00:36:54,
342983237,夏日大作战,,https://img1.doubanio.com/view/photo/m_ratio_poster/public/p1031772057.jpg,2009-08-01(日本),https://movie.douban.com/subject/3908423/,8.5,"喜剧,科幻,动画",4,,,2011-01-21 01:04:28,
342406967,红猪,,https://img1.doubanio.com/view/photo/m_ratio_poster/public/p1637195728.jpg,1992-07-18(日本),https://movie.douban.com/subject/1291838/,8.6,"喜剧,动画,冒险",4,结局好诱人的说，再话说保哥跟格斯还真是像啊...哈哈~,,2011-01-19 20:36:02,
342269831,侧耳倾听,,https://img2.doubanio.com/view/photo/m_ratio_poster/public/p456692072.jpg,1995-07-15(日本),https://movie.douban.com/subject/1297052/,8.9,"剧情,爱情,动画",4,,,2011-01-19 15:05:46,
341523079,风之谷,,https://img2.doubanio.com/view/photo/m_ratio_poster/public/p1917567652.jpg,1992-05(中国大陆),https://movie.douban.com/subject/1291585/,8.9,"动画,奇幻,冒险",5,,,2011-01-17 19:46:09,
341440605,赵氏孤儿,,https://img1.doubanio.com/view/photo/m_ratio_poster/public/p819200277.jpg,2010-12-04(中国大陆),https://movie.douban.com/subject/3546019/,6,"剧情,动作,历史",3,也就是来看演员的....,,2011-01-17 16:22:46,
138205551,天空之城,,https://img1.doubanio.com/view/photo/m_ratio_poster/public/p1446261379.jpg,1992-05-01(中国大陆),https://movie.douban.com/subject/1291583/,9.2,"动画,奇幻,冒险",4,,"宫崎峻,天空之城",2011-01-17 14:18:03,
341262376,曾经,,https://img2.doubanio.com/view/photo/m_ratio_poster/public/p2173720203.jpg,2007-01-20(圣丹斯电影节),https://movie.douban.com/subject/2053515/,8.3,"剧情,爱情,音乐",3,音乐非常的好听，准备去下ost。结局太非主流了，虽然是大团圆结局，但不是我想要的额！,,2011-01-17 04:12:01,
340715261,非诚勿扰2,,https://img2.doubanio.com/view/photo/m_ratio_poster/public/p725272302.jpg,2010-12-22(中国大陆),https://movie.douban.com/subject/4271894/,6.6,"喜剧,爱情",3,感觉没1好看了,,2011-01-15 22:18:29,
340355665,越光宝盒,,https://img9.doubanio.com/view/photo/m_ratio_poster/public/p798688444.jpg,2010-03-18(中国大陆),https://movie.douban.com/subject/3928370/,5.3,"喜剧,爱情,奇幻",2,恶搞过头了,,2011-01-15 00:46:03,
334598986,窃听风云,,https://img1.doubanio.com/view/photo/m_ratio_poster/public/p1839391107.jpg,2009-07-24(中国大陆),https://movie.douban.com/subject/3412882/,7.6,"剧情,动作,惊悚",4,,,2011-01-02 00:48:38,
334390738,无法逃离的背叛,,https://img1.doubanio.com/view/photo/m_ratio_poster/public/p2326945450.jpg,2010-04-11(日本),https://movie.douban.com/subject/3993493/,6.7,动画,2,,动漫,2011-01-01 18:35:37,
334134125,武功山别恋,,https://img2.doubanio.com/view/photo/m_ratio_poster/public/p2496572312.jpg,2010-03-18,https://movie.douban.com/subject/4303636/,6.2,,2,我了个去，这演员太差太差了，特别是男一号！又是那种有故事没演员的……,"武功山,武功山别恋",2011-01-01 01:18:15,
333674845,金刚归来,,https://img1.doubanio.com/view/photo/m_ratio_poster/public/p1038845749.jpg,2006-01-14,https://movie.douban.com/subject/1761520/,6.2,"家庭,冒险",3,有笑点，但是剧情和演员太挫了..= =,,2010-12-31 00:28:45,
331673787,精灵宝可梦：幻影的霸者索罗亚克,,https://img9.doubanio.com/view/photo/m_ratio_poster/public/p2260915025.jpg,2010-07-10(日本),https://movie.douban.com/subject/4735182/,7.6,动画,3,,,2010-12-26 17:18:44,
331115319,小心为上,,https://img2.doubanio.com/view/photo/m_ratio_poster/public/p621253843.jpg,2007-03-30(美国),https://movie.douban.com/subject/1985959/,6.7,"剧情,惊悚,犯罪",3,一个车祸孩子重获新生的过程,,2010-12-25 15:01:36,
330155538,让子弹飞,,https://img1.doubanio.com/view/photo/m_ratio_poster/public/p1512562287.jpg,2010-12-16(中国大陆),https://movie.douban.com/subject/3742360/,9,"剧情,喜剧,动作",5,故事非常不错，结局也很不给力，我只是可惜了张麻子的一手好枪法。,,2010-12-23 02:30:11,
330125339,爱出色,,https://img9.doubanio.com/view/photo/m_ratio_poster/public/p766644636.jpg,2010-11-09(中国大陆),https://movie.douban.com/subject/4711195/,5.9,"喜剧,爱情",3,,,2010-12-22 23:58:17,
330066618,电焊工波力,,https://img2.doubanio.com/view/photo/m_ratio_poster/public/p1202712652.jpg,2008-11-18(美国),https://movie.douban.com/subject/3338821/,9,"喜剧,科幻,动画",5,,BURN-E,2010-12-22 22:03:15,
328150429,初三大四我爱你,,https://img1.doubanio.com/view/photo/m_ratio_poster/public/p459985157.jpg,2009-04-30(泰国),https://movie.douban.com/subject/3732499/,7.1,"剧情,爱情",3,,,2010-12-18 14:05:10,
328110245,小情人,,https://img9.doubanio.com/view/photo/m_ratio_poster/public/p450895244.jpg,2003-08-01(泰国),https://movie.douban.com/subject/1394488/,8.6,"喜剧,儿童",4,童年羞涩的友情，确实没给我太大的感触,"童年,儿童",2010-12-18 12:10:46,
328077857,初恋这件小事,,https://img2.doubanio.com/view/photo/m_ratio_poster/public/p1505312273.jpg,2012-06-05(中国大陆),https://movie.douban.com/subject/4739952/,8.5,"剧情,喜剧,爱情",5,,"泰国电影,mario_maurer",2010-12-18 10:20:33,
328016706,三傻大闹宝莱坞,,https://img2.doubanio.com/view/photo/m_ratio_poster/public/p579729551.jpg,2011-12-08(中国大陆),https://movie.douban.com/subject/3793023/,9.2,"剧情,喜剧,爱情",5,,"励志,经典",2010-12-18 00:34:27,
326026419,迷失特辑：遗忘的碎片,,https://img2.doubanio.com/f/frodo/568eb8fac54d39fe599b0de8c3f2aee1dbc43cf0/pics/subject/tv_large.jpg,2007,https://movie.douban.com/subject/4288482/,8.3,剧情,3,根本就没讲什么么……==,,2010-12-12 23:30:14,
326025877,迷失 第一季,,https://img1.doubanio.com/view/photo/m_ratio_poster/public/p2199213819.jpg,2004-09-22(美国),https://movie.douban.com/subject/1394819/,8.6,"剧情,科幻,悬疑",4,我想我是爱上板刷头了。,,2010-12-12 23:28:59,
325541549,风筝,,https://img2.doubanio.com/view/photo/m_ratio_poster/public/p490337273.jpg,2010-05-21,https://movie.douban.com/subject/3215099/,7.6,"动作,爱情,惊悚",4,所以我明白了，没有好的车技，你连劫匪都当不了！,"印度电影,感人",2010-12-11 23:57:11,
324192599,建国大业,,https://img2.doubanio.com/view/photo/m_ratio_poster/public/p1039534802.jpg,2009-09-16(中国大陆),https://movie.douban.com/subject/3543690/,,"剧情,历史",3,,,2010-12-08 19:53:10,
323277668,驯龙高手,,https://img9.doubanio.com/view/photo/m_ratio_poster/public/p2210954024.jpg,2010-05-14(中国大陆),https://movie.douban.com/subject/2353023/,8.8,"动画,奇幻,冒险",4,,,2010-12-06 12:37:20,
322762610,狗狗与我的十个约定,,https://img1.doubanio.com/view/photo/m_ratio_poster/public/p1093145688.jpg,2009-01-26(中国大陆),https://movie.douban.com/subject/2976111/,8.1,"剧情,喜剧,爱情",3,秋田犬真的很口爱,,2010-12-05 01:59:04,
320067625,社交网络,,https://img9.doubanio.com/view/photo/m_ratio_poster/public/p2553756806.jpg,2010-09-24(纽约电影节),https://movie.douban.com/subject/3205624/,8.2,"剧情,传记",4,只能说IT男太不谙世故了，么办法啊，然后爱德华好帅气啊～,,2010-11-28 00:28:24,
319600930,白夜行,,https://img2.doubanio.com/view/photo/m_ratio_poster/public/p2554614612.jpg,2006-01-12(日本),https://movie.douban.com/subject/2031438/,8.4,剧情,5,活着就是在赎罪。警察你可明白，正是你一步步的逼迫，才使得那么多生命在深渊中无法自拔。,,2010-11-26 22:31:04,
314524197,窈窕绅士,,https://img1.doubanio.com/view/photo/m_ratio_poster/public/p1108477890.jpg,2009-09-28(中国大陆),https://movie.douban.com/subject/3897667/,6.1,"喜剧,爱情",3,,,2010-11-12 21:44:33,
313173119,神秘代码,,https://img1.doubanio.com/view/photo/m_ratio_poster/public/p2207854660.jpg,2009-10-30(中国大陆),https://movie.douban.com/subject/2354729/,6.8,"剧情,科幻,悬疑",3,没一点悬念的电影……尼古拉斯原来也会演这么挫的电影……囧,,2010-11-09 00:02:05,
312813356,精武风云·陈真,,https://img9.doubanio.com/view/photo/m_ratio_poster/public/p620331226.jpg,2010-09-21(中国香港),https://movie.douban.com/subject/3792816/,6.1,动作,3,武打很给力，特别是打日本人那段……真的很蛋蛋疼....太给力了...,,2010-11-07 23:49:36,
312208710,暮光之城3：月食,,https://img1.doubanio.com/view/photo/m_ratio_poster/public/p533676600.jpg,2010-06-30(美国),https://movie.douban.com/subject/3289086/,6.8,"剧情,爱情,惊悚",3,,,2010-11-06 17:12:15,
312199457,海洋天堂,,https://img9.doubanio.com/view/photo/m_ratio_poster/public/p504314075.jpg,2010-06-18(中国大陆),https://movie.douban.com/subject/4004731/,8,剧情,4,,温情,2010-11-06 16:48:59,
312006068,山楂树之恋,,https://img2.doubanio.com/view/photo/m_ratio_poster/public/p649179543.jpg,2010-09-16(中国大陆),https://movie.douban.com/subject/4151110/,7.1,"剧情,爱情",3,地质人的爱情生活+杯具的放射性异常死,,2010-11-06 00:51:25,
311268642,11度青春之《李雷和韩梅梅》,,https://img9.doubanio.com/view/photo/m_ratio_poster/public/p2605933466.jpg,2010-10-21,https://movie.douban.com/subject/5336877/,5.7,短片,3,,,2010-11-03 22:43:23,
310623616,盗梦空间,,https://img9.doubanio.com/view/photo/m_ratio_poster/public/p513344864.jpg,2010-09-01(中国大陆),https://movie.douban.com/subject/3541415/,9.4,"剧情,科幻,悬疑",5,,,2010-11-01 23:43:46,
310623512,11度青春之《老男孩》,,https://img9.doubanio.com/view/photo/m_ratio_poster/public/p2377941764.jpg,2010-10-28,https://movie.douban.com/subject/5344178/,8.4,"剧情,喜剧,短片",4,,,2010-11-01 23:43:28,
309341167,红领巾侠,,https://img9.doubanio.com/view/photo/m_ratio_poster/public/p655683155.jpg,2010-09-30(中国大陆),https://movie.douban.com/subject/5313367/,7.5,"动作,动画,短片",4,,,2010-10-29 15:59:06,
309118319,无敌钢铁侠,,https://img9.doubanio.com/view/photo/m_ratio_poster/public/p2178044844.jpg,2007-01-23,https://movie.douban.com/subject/1959117/,5.3,"动作,科幻,动画",2,,,2010-10-28 21:38:42,
308839809,狄仁杰之通天帝国,,https://img1.doubanio.com/view/photo/m_ratio_poster/public/p2166635320.jpg,2010-09-29(中国大陆),https://movie.douban.com/subject/3412830/,6.6,"动作,悬疑,古装",4,,,2010-10-27 23:58:01,
305587911,钢铁侠2,,https://img2.doubanio.com/view/photo/m_ratio_poster/public/p451885601.jpg,2010-05-07(中国大陆),https://movie.douban.com/subject/3066739/,7.7,"动作,科幻,冒险",3,,,2010-10-18 22:08:13,
305315923,唐山大地震,,https://img1.doubanio.com/view/photo/m_ratio_poster/public/p545837150.jpg,2010-07-22(中国大陆),https://movie.douban.com/subject/3596502/,7.8,"剧情,历史,灾难",5,简单的羁绊，配上地震，永远是那么的感人！,,2010-10-18 02:06:59,
305157280,剑雨,,https://img1.doubanio.com/view/photo/m_ratio_poster/public/p636665128.jpg,2010-09-28(中国大陆),https://movie.douban.com/subject/3813779/,7.6,"动作,爱情,武侠",4,雷彬和阿生好帅～有帅哥的戏，我喜欢～～,,2010-10-17 18:30:18,
302760535,名侦探柯南：天空的遇难船,,https://img1.doubanio.com/view/photo/m_ratio_poster/public/p2259010597.jpg,2010-04-17(日本),https://movie.douban.com/subject/5153329/,7.5,"动作,动画,悬疑",3,,"名侦探柯南,柯南剧场版",2010-10-10 21:58:06,
301878684,恋爱通告,,https://img2.doubanio.com/view/photo/m_ratio_poster/public/p574326303.jpg,2010-08-12(中国大陆),https://movie.douban.com/subject/4707230/,5.9,"喜剧,爱情",3,其实里面的音乐都还不错啦,王力宏,2010-10-08 14:08:41,
297428191,罗生门,,https://img2.doubanio.com/view/photo/m_ratio_poster/public/p1598883511.jpg,1950-08-26(日本),https://movie.douban.com/subject/1291879/,8.8,"剧情,悬疑,犯罪",,,黑澤明,2010-09-25 23:25:24,
285039267,福音战士新剧场版：序,,https://img1.doubanio.com/view/photo/m_ratio_poster/public/p2411110730.jpg,2007-09-01(日本),https://movie.douban.com/subject/1968790/,9.1,"剧情,科幻,动画",5,能看到凌波丽一笑，这部也值了,,2010-08-22 01:10:27,
284960252,福音战士新剧场版：破,,https://img9.doubanio.com/view/photo/m_ratio_poster/public/p1026522114.jpg,2009-06-27(日本),https://movie.douban.com/subject/2567646/,9.3,"剧情,科幻,动画",5,,,2010-08-21 22:11:54,
284528118,波西·杰克逊与神火之盗,,https://img9.doubanio.com/view/photo/m_ratio_poster/public/p2211754176.jpg,2010-03-14(中国大陆),https://movie.douban.com/subject/3090455/,6.1,"奇幻,冒险",3,,,2010-08-20 19:29:39,
283836539,无人驾驶,,https://img1.doubanio.com/view/photo/m_ratio_poster/public/p524956088.jpg,2010-07-02(中国大陆),https://movie.douban.com/subject/4111416/,6.2,"剧情,爱情",4,"故事时间非常极其的错乱
小三的世界好复杂啊
杯具的人碰上杯具的人概率比较大，所以只有雪上加霜
比较奇怪的是王珞丹的聋哑人怎么别人不用哑语直接说话就能和她交流呢？看嘴形么？",,2010-08-18 22:27:10,
283372006,枪王之王,,https://img2.doubanio.com/view/photo/m_ratio_poster/public/p530615773.jpg,2010-07-02(中国大陆),https://movie.douban.com/subject/4133988/,6.7,"动作,悬疑,惊悚",4,,,2010-08-17 19:36:34,
267329258,玩命快递3,,https://img2.doubanio.com/view/photo/m_ratio_poster/public/p461621583.jpg,2009-02-12(中国大陆),https://movie.douban.com/subject/3018122/,7.1,"动作,犯罪",3,我不想要的蛋疼武打还是出来了，另外，不能苟同Frank和某个雀斑女在一起啊啊啊啊啊啊！,,2010-07-05 05:07:36,
266959222,玩命快递2,,https://img2.doubanio.com/view/photo/m_ratio_poster/public/p1439362483.jpg,2005-08-03(法国),https://movie.douban.com/subject/1419974/,7.4,"动作,犯罪",4,继续1的蛋疼法打架，法国男人只会打蛋么？？？！囧！,"美国电影,动作",2010-07-04 00:01:35,
266958929,玩命快递,,https://img2.doubanio.com/view/photo/m_ratio_poster/public/p1439374533.jpg,2002-10-11,https://movie.douban.com/subject/1303139/,7.4,"动作,犯罪",4,看他打架你会觉得蛋疼的...,"美国电影,搞笑",2010-07-04 00:00:18,
266834967,特工的特别任务,,https://img1.doubanio.com/view/photo/m_ratio_poster/public/p484324060.jpg,2008-06-17(美国),https://movie.douban.com/subject/1947719/,5.9,"喜剧,动作,爱情",3,结局真的好雷人！,"搞笑,美国电影",2010-07-03 16:55:17,
266650344,人在囧途,,https://img1.doubanio.com/view/photo/m_ratio_poster/public/p500548437.jpg,2010-06-04(中国大陆),https://movie.douban.com/subject/4237879/,7.8,喜剧,4,,,2010-07-02 23:42:42,
261877127,单身男子,,https://img1.doubanio.com/view/photo/m_ratio_poster/public/p1749612217.jpg,2009-09-11(威尼斯电影节),https://movie.douban.com/subject/3275168/,8.5,"剧情,同性",2,无聊的我一直快进……==,,2010-06-18 00:29:37,
260230035,岁月神偷,,https://img2.doubanio.com/view/photo/m_ratio_poster/public/p456666151.jpg,2010-04-16(中国大陆),https://movie.douban.com/subject/3792799/,8.7,"剧情,家庭",4,这部电影能让你明白……家里有个不懂事的小孩是多么让人糟心啊……,,2010-06-12 23:50:58,
259362617,月球,,https://img9.doubanio.com/view/photo/m_ratio_poster/public/p449399746.jpg,2009-07-10(美国),https://movie.douban.com/subject/3073124/,8.5,"剧情,科幻,悬疑",4,其实我觉得那机器人不错……,,2010-06-10 01:25:01,
258746892,天使与魔鬼,,https://img9.doubanio.com/view/photo/m_ratio_poster/public/p786228964.jpg,2009-05-15(美国),https://movie.douban.com/subject/1927369/,7.4,"动作,悬疑,惊悚",3,啊啊啊，把我最喜欢的碟中谍剧情小改了一下，而且四个主教也只死了三个，比小说的情况好多了，呵呵,,2010-06-07 23:27:07,
258592290,哈利·波特与混血王子,,https://img9.doubanio.com/view/photo/m_ratio_poster/public/p1108070214.jpg,2009-07-15(中国大陆),https://movie.douban.com/subject/1433330/,8.3,"奇幻,冒险",3,小哈利变大哈利了，不好看了……,,2010-06-07 13:54:34,
258167663,阿童木,,https://img9.doubanio.com/view/photo/m_ratio_poster/public/p1822907716.jpg,2009-10-23(中国大陆),https://movie.douban.com/subject/1917074/,6.9,"动作,科幻,动画",3,不要把以前孩童时候的阿童木情节带入到电影中去，要不然你会失望的...,"阿童木,动画,科幻,3D,搞笑",2010-06-06 00:42:33,
256706869,求死不能,,https://img1.doubanio.com/view/photo/m_ratio_poster/public/p716281967.jpg,2009,https://movie.douban.com/subject/3581178/,,"惊悚,犯罪",3,,,2010-06-01 16:51:06,
244942906,火影忍者疾风传剧场版：火之意志的继承者,,https://img1.doubanio.com/view/photo/m_ratio_poster/public/p1031797948.jpg,2009-08-01(日本),https://movie.douban.com/subject/3861846/,7.2,动画,3,,"火影忍者,剧场版",2010-04-27 03:40:06,
244090234,全城热恋,,https://img2.doubanio.com/view/photo/m_ratio_poster/public/p485353992.jpg,2010-02-11(中国大陆),https://movie.douban.com/subject/4066206/,6.2,"喜剧,爱情",4,,"爱情,香港,温情",2010-04-24 21:42:53,
242125775,阿甘正传,,https://img2.doubanio.com/view/photo/m_ratio_poster/public/p2372307693.jpg,1994-06-23(洛杉矶首映),https://movie.douban.com/subject/1292720/,9.5,"剧情,爱情",5,,阿甘正传,2010-04-19 12:19:58,
241355146,拯救大兵瑞恩,,https://img9.doubanio.com/view/photo/m_ratio_poster/public/p1014542496.jpg,1998-11-13(中国大陆),https://movie.douban.com/subject/1292849/,9.1,"剧情,战争",4,,"斯皮尔伯格,战争,人生",2010-04-17 12:40:42,
239039252,老千,,https://img9.doubanio.com/view/photo/m_ratio_poster/public/p1005194174.jpg,2006-09-28,https://movie.douban.com/subject/1915180/,7.6,"剧情,犯罪",4,,,2010-04-10 21:48:20,
238421759,鲁邦三世VS名侦探柯南,,https://img1.doubanio.com/view/photo/m_ratio_poster/public/p2200294397.jpg,2009-03-27(日本),https://movie.douban.com/subject/3612790/,7.5,"动画,悬疑",3,,"日本动画,柯南,推理",2010-04-09 10:44:48,
238060769,最后一周,,https://img1.doubanio.com/view/photo/m_ratio_poster/public/p586964829.jpg,2009-03-06,https://movie.douban.com/subject/3144388/,7.9,"剧情,冒险",3,,"加拿大,旅行,人生",2010-04-08 09:52:43,
237766612,忠犬八公的故事,,https://img1.doubanio.com/view/photo/m_ratio_poster/public/p2587099240.jpg,2009-06-13(西雅图电影节),https://movie.douban.com/subject/3011091/,9.4,剧情,5,,"感人,真实事件改编",2010-04-07 12:26:12,
237619175,丧尸乐园,,https://img2.doubanio.com/view/photo/m_ratio_poster/public/p2210458082.jpg,2009-09-25(奥斯汀奇幻电影节),https://movie.douban.com/subject/3259993/,7.3,"喜剧,恐怖,冒险",2,,僵尸,2010-04-06 21:37:10,
237182513,拆弹部队,,https://img1.doubanio.com/view/photo/m_ratio_poster/public/p770541118.jpg,2008-09-04(威尼斯电影节),https://movie.douban.com/subject/2028645/,7.8,"剧情,惊悚,战争",3,,,2010-04-05 18:43:17,
236085260,禁闭岛,,https://img1.doubanio.com/view/photo/m_ratio_poster/public/p450262388.jpg,2010-02-13(柏林电影节),https://movie.douban.com/subject/2334904/,8.9,"剧情,悬疑,惊悚",4,,"悬疑,美国电影",2010-04-02 23:07:26,
232793587,暮光之城2：新月,,https://img2.doubanio.com/view/photo/m_ratio_poster/public/p850945243.jpg,2009-11-20(美国),https://movie.douban.com/subject/3148027/,6.9,"剧情,爱情,惊悚",3,,,2010-03-24 20:38:25,
230711995,锦衣卫,,https://img9.doubanio.com/view/photo/m_ratio_poster/public/p776030044.jpg,2010-02-03(中国大陆),https://movie.douban.com/subject/3754946/,6,"剧情,动作,惊悚",4,,,2010-03-19 16:05:08,
225009547,空战英豪,,https://img1.doubanio.com/view/photo/m_ratio_poster/public/p1090376129.jpg,2006-09-22(美国),https://movie.douban.com/subject/1849026/,7.4,"剧情,动作,爱情",4,,空战英豪,2010-03-05 17:54:05,
221984303,魔术师,,https://img2.doubanio.com/view/photo/m_ratio_poster/public/p480484402.jpg,2006-01-22(圣丹斯电影节),https://movie.douban.com/subject/1467044/,7.6,"剧情,爱情,悬疑",4,,"魔幻,美国,悬疑,奇幻",2010-02-26 00:03:02,
219530944,大内密探灵灵狗,,https://img1.doubanio.com/view/photo/m_ratio_poster/public/p1143572677.jpg,2009-07-30(中国大陆),https://movie.douban.com/subject/3670447/,5.2,"喜剧,动作,武侠",3,,"搞笑,恶搞",2010-02-20 17:28:41,
216591106,十月围城,,https://img2.doubanio.com/view/photo/m_ratio_poster/public/p1697172942.jpg,2009-12-18(中国大陆),https://movie.douban.com/subject/3626416/,7.7,"剧情,动作,历史",4,,十月围城,2010-02-12 22:58:39,
216482384,神枪手,,https://img1.doubanio.com/view/photo/m_ratio_poster/public/p2212582547.jpg,2009-04-09(中国香港),https://movie.douban.com/subject/3002820/,5.9,"剧情,动作,惊悚",3,,陈冠希,2010-02-12 18:56:45,
216482258,邻家特工,,https://img2.doubanio.com/view/photo/m_ratio_poster/public/p1509641713.jpg,2010-01-15(中国大陆),https://movie.douban.com/subject/3179758/,6.4,"喜剧,动作,家庭",3,,成龙,2010-02-12 18:56:26,
212807296,飞屋环游记,,https://img2.doubanio.com/view/photo/m_ratio_poster/public/p2363116942.jpg,2009-08-04(中国大陆),https://movie.douban.com/subject/2129039/,9.1,"剧情,喜剧,动画",4,,,2010-02-04 21:27:23,
187019504,天赐 第三季,,https://img1.doubanio.com/view/photo/m_ratio_poster/public/p2185348970.jpg,2009-01-12,https://movie.douban.com/subject/3422157/,7.4,"剧情,科幻,悬疑",5,,,2010-02-04 21:17:00,
138197984,天赐 第二季,,https://img2.doubanio.com/view/photo/m_ratio_poster/public/p2185349312.jpg,2007-06-11(美国),https://movie.douban.com/subject/2375006/,7.6,"剧情,科幻,悬疑",5,,,2010-02-04 21:16:29,
212631882,大侦探福尔摩斯,,https://img9.doubanio.com/view/photo/m_ratio_poster/public/p1078047854.jpg,2010-02-25(中国大陆),https://movie.douban.com/subject/2998270/,7.7,"动作,悬疑,犯罪",4,,,2010-02-04 15:38:17,
211058944,诚聘保姆,,https://img1.doubanio.com/view/photo/m_ratio_poster/public/p1631217477.jpg,2008-09-28,https://movie.douban.com/subject/2301676/,5.5,"惊悚,恐怖",2,毁了Matt的形象，还不给多少戏给人家，我怒！,"Matt,Dallas",2010-02-01 13:20:49,
206620775,在云端,,https://img2.doubanio.com/view/photo/m_ratio_poster/public/p2151251263.jpg,2009-09-05(特柳赖德电影节),https://movie.douban.com/subject/3077791/,7.9,"剧情,喜剧,爱情",3,,"美国,小人物",2010-01-23 03:34:01,
206137989,隋朝来客,,https://img1.doubanio.com/view/photo/m_ratio_poster/public/p509216140.jpg,2009-11-06(中国大陆),https://movie.douban.com/subject/3737283/,4.7,"剧情,喜剧",3,,"喜剧,中国电影",2010-01-22 02:49:04,
206137862,熊猫大侠,,https://img1.doubanio.com/view/photo/m_ratio_poster/public/p1388842478.jpg,2009-11-19(中国大陆),https://movie.douban.com/subject/3892449/,4.4,"喜剧,动作,武侠",3,,"熊猫大侠,喜剧,搞笑,中国电影,国产电影",2010-01-22 02:47:54,
205666289,入殓师,,https://img9.doubanio.com/view/photo/m_ratio_poster/public/p2707581855.jpg,2021-10-29(中国大陆),https://movie.douban.com/subject/2149806/,8.9,剧情,5,,入殓师,2010-01-21 01:25:08,
204301591,暮光之城,,https://img1.doubanio.com/view/photo/m_ratio_poster/public/p2601335410.jpg,2009-11-25(中国大陆),https://movie.douban.com/subject/2268359/,7.6,"剧情,爱情,惊悚",5,,爱情,2010-01-18 02:44:20,
204277715,时间旅行者的妻子,,https://img2.doubanio.com/view/photo/m_ratio_poster/public/p480590433.jpg,2009-08-14(美国),https://movie.douban.com/subject/1885124/,7.7,"剧情,爱情,悬疑",5,,,2010-01-18 00:38:35,
196341825,2012,,https://img1.doubanio.com/view/photo/m_ratio_poster/public/p505238859.jpg,2009-11-13(中国大陆),https://movie.douban.com/subject/3005875/,8,"科幻,灾难",3,,"2012,灾难",2009-12-30 12:35:16,
196341432,霸王别姬,,https://img1.doubanio.com/view/photo/m_ratio_poster/public/p2561716440.jpg,1993-07-26(中国大陆),https://movie.douban.com/subject/1291546/,9.6,"剧情,爱情,同性",5,,"同志,霸王别姬,张国荣",2009-12-30 12:34:12,
194678371,天赐 第一季,,https://img2.doubanio.com/view/photo/m_ratio_poster/public/p2185349392.jpg,2006-06-26(美国),https://movie.douban.com/subject/1812031/,7.7,"剧情,科幻,悬疑",5,,"kyle,天赐,科幻",2009-12-26 14:00:13,
194678162,蜜蜂总动员,,https://img2.doubanio.com/view/photo/m_ratio_poster/public/p866034413.jpg,2007-11-02(美国),https://movie.douban.com/subject/1899601/,6.8,"喜剧,动画,家庭",2,,,2009-12-26 13:59:43,
187023601,战争之王,,https://img2.doubanio.com/view/photo/m_ratio_poster/public/p792282381.jpg,2005-09-16(美国),https://movie.douban.com/subject/1419936/,8.7,"剧情,犯罪",5,,,2009-12-06 20:38:32,
187023395,麦兜响当当,,https://img1.doubanio.com/view/photo/m_ratio_poster/public/p2431279389.jpg,2009-07-24(中国大陆),https://movie.douban.com/subject/2277018/,7.6,"喜剧,动画",4,,,2009-12-06 20:38:06,
187023345,当幸福来敲门,,https://img9.doubanio.com/view/photo/m_ratio_poster/public/p2614359276.jpg,2008-01-17(中国大陆),https://movie.douban.com/subject/1849031/,9.2,"剧情,家庭,传记",5,,,2009-12-06 20:38:01,
187023310,第九区,,https://img9.doubanio.com/view/photo/m_ratio_poster/public/p2798828414.jpg,2009-11-27(中国大陆),https://movie.douban.com/subject/3006772/,8.3,"剧情,动作,科幻",4,,,2009-12-06 20:37:56,
187021142,电子情书,,https://img1.doubanio.com/view/photo/m_ratio_poster/public/p469986867.jpg,1998-12-18,https://movie.douban.com/subject/1293555/,7.8,"喜剧,爱情",3,,,2009-12-06 20:33:09,
187020871,人鬼情未了,,https://img2.doubanio.com/view/photo/m_ratio_poster/public/p544574893.jpg,1990-07-13,https://movie.douban.com/subject/1293203/,8.3,"剧情,爱情,奇幻",4,,,2009-12-06 20:32:33,
187020070,简爱,,https://img9.doubanio.com/view/photo/m_ratio_poster/public/p1398210826.jpg,1943-12-24(英国),https://movie.douban.com/subject/1296824/,7.8,"剧情,爱情",2,,,2009-12-06 20:30:49,
187019790,德伯家的苔丝,,https://img2.doubanio.com/view/photo/m_ratio_poster/public/p2203666052.jpg,2008-09-14(英国),https://movie.douban.com/subject/3123230/,8.4,剧情,5,,,2009-12-06 20:30:09,
187019105,千年之恋之源氏物语,,https://img2.doubanio.com/view/photo/m_ratio_poster/public/p510023693.jpg,2001-12-15(日本),https://movie.douban.com/subject/1303368/,7.2,"剧情,爱情,音乐",5,,,2009-12-06 20:28:40,
169386908,绝爱,,https://img2.doubanio.com/view/photo/m_ratio_poster/public/p2107659213.jpg,1992-07-29(日本),https://movie.douban.com/subject/3024661/,8.4,"爱情,动画",5,,,2009-10-18 21:08:37,
142893588,断背山,,https://img1.doubanio.com/view/photo/m_ratio_poster/public/p2604889017.jpg,2005-09-02(威尼斯电影节),https://movie.douban.com/subject/1418834/,8.8,"剧情,爱情,同性",5,,"断背山,李安,同性恋,同志,爱情,同性",2009-07-28 08:11:07,
142893499,女人不坏,,https://img1.doubanio.com/view/photo/m_ratio_poster/public/p484207298.jpg,2008-12-04(中国香港),https://movie.douban.com/subject/3230462/,6,喜剧,3,,"周迅,女人不坏",2009-07-28 08:09:55,
141847641,小鬼当家,,https://img2.doubanio.com/view/photo/m_ratio_poster/public/p1529668801.jpg,1990-11-16,https://movie.douban.com/subject/1293088/,8.4,"喜剧,家庭,犯罪",5,,小鬼当家,2009-07-24 18:57:49,
141842541,大内密探零零发,,https://img9.doubanio.com/view/photo/m_ratio_poster/public/p2455844666.jpg,1996-02-16(中国香港),https://movie.douban.com/subject/1329936/,8,"喜剧,动作,爱情",4,,周星驰,2009-07-24 18:34:25,
141842059,钟无艳,,https://img1.doubanio.com/view/photo/m_ratio_poster/public/p549909097.jpg,2001-01-18(中国香港),https://movie.douban.com/subject/1308111/,7,"喜剧,奇幻,古装",4,搞笑,梅艳芳,2009-07-24 18:32:13,
141841636,大话西游之月光宝盒,,https://img2.doubanio.com/view/photo/m_ratio_poster/public/p2561721372.jpg,2014-10-24(中国大陆),https://movie.douban.com/subject/1299398/,9,"喜剧,爱情,奇幻",5,星哥电影，力荐,周星驰,2009-07-24 18:30:25,
141841136,方世玉,,https://img9.doubanio.com/view/photo/m_ratio_poster/public/p2608498684.jpg,1993-03-04(中国香港),https://movie.douban.com/subject/1297763/,8,"喜剧,动作,武侠",4,功夫电影,"动作,李连杰",2009-07-24 18:28:12,
141840986,安娜与武林,,https://img9.doubanio.com/view/photo/m_ratio_poster/public/p482194056.jpg,2003-12-24(中国香港),https://movie.douban.com/subject/1308866/,5.2,"喜剧,动作,爱情",5,推荐杨千嬅的,杨千嬅,2009-07-24 18:27:31,
141840117,保持通话,,https://img9.doubanio.com/view/photo/m_ratio_poster/public/p505145746.jpg,2008-09-25(中国香港),https://movie.douban.com/subject/2359431/,6.8,"剧情,动作",5,"很passion
",古天乐,2009-07-24 18:23:16,
141840036,E.T.外星人,,https://img2.doubanio.com/view/photo/m_ratio_poster/public/p984732992.jpg,2002-06-20(中国大陆),https://movie.douban.com/subject/1294638/,8.6,"剧情,科幻",4,没多大感觉,科幻,2009-07-24 18:22:57,
141839928,童梦奇缘,,https://img1.doubanio.com/view/photo/m_ratio_poster/public/p486824798.jpg,2005-09-29(中国香港),https://movie.douban.com/subject/1427834/,6.5,"剧情,喜剧,科幻",5,一个小孩想长大的梦,"刘德华,香港电影",2009-07-24 18:22:33,
141838822,千杯不醉,,https://img2.doubanio.com/view/photo/m_ratio_poster/public/p486768171.jpg,2005-08-18(中国香港),https://movie.douban.com/subject/1419581/,6.3,"喜剧,爱情",5,喜欢吴彦祖的表演……,"杨千嬅,吴彦祖",2009-07-24 18:17:50,
141838697,功夫,,https://img1.doubanio.com/view/photo/m_ratio_poster/public/p2219011938.jpg,2004-12-23(中国大陆),https://movie.douban.com/subject/1291543/,8.8,"喜剧,动作,犯罪",5,很好很强大……,周星驰,2009-07-24 18:17:22,
141838548,功夫之王,,https://img2.doubanio.com/view/photo/m_ratio_poster/public/p887405912.jpg,2008-04-24(中国大陆),https://movie.douban.com/subject/1939414/,5.7,"动作,奇幻,冒险",2,剧情不喜欢,功夫之王,2009-07-24 18:16:47,
141838484,长江七号,,https://img2.doubanio.com/view/photo/m_ratio_poster/public/p2097947361.jpg,2008-01-30(中国大陆),https://movie.douban.com/subject/1961963/,7.1,"喜剧,科幻",5,,长江七号,2009-07-24 18:16:30,
141838232,防弹武僧,,https://img1.doubanio.com/view/photo/m_ratio_poster/public/p2243984850.jpg,2003-04-16(美国),https://movie.douban.com/subject/1303693/,5.3,"喜剧,动作,冒险",3,发哥最强……,周润发,2009-07-24 18:15:28,
141793633,怪盗圣少女,,https://img9.doubanio.com/view/photo/m_ratio_poster/public/p2525937674.jpg,1995-10-12(日本),https://movie.douban.com/subject/2373457/,8.4,"动画,冒险",3,经典剧情，不知道说什么好了……,日本动画,2009-07-24 15:48:03,
140678293,茗记：2nd Life,,https://img2.doubanio.com/view/photo/m_ratio_poster/public/p2154329982.jpg,2007-04-23(中国大陆),https://movie.douban.com/subject/3767376/,8,"动画,短片",5,,,2009-07-20 13:59:08,
140290507,四驱兄弟,,https://img9.doubanio.com/view/photo/m_ratio_poster/public/p2554018844.jpg,1996-01-08(日本),https://movie.douban.com/subject/2990287/,8.4,"剧情,动画",4,,,2009-07-19 11:02:28,
139832690,哈维的最后机会,,https://img1.doubanio.com/view/photo/m_ratio_poster/public/p683799500.jpg,2008-12-25(美国点映),https://movie.douban.com/subject/2210391/,7.4,"剧情,爱情",3,,,2009-07-17 18:51:24,
139730609,足球小将J,,https://img1.doubanio.com/view/photo/m_ratio_poster/public/p2518747849.jpg,1994-10-21(日本),https://movie.douban.com/subject/2079920/,8.1,"动画,运动",5,,,2009-07-17 12:48:59,
138216089,国家宝藏：夺宝秘笈,,https://img9.doubanio.com/view/photo/m_ratio_poster/public/p1102384696.jpg,2008-03-17(中国大陆),https://movie.douban.com/subject/1607471/,7.3,"动作,悬疑,冒险",5,,,2009-07-12 11:58:56,
138216072,国家宝藏,,https://img1.doubanio.com/view/photo/m_ratio_poster/public/p664164947.jpg,2004-11-19(美国),https://movie.douban.com/subject/1308848/,7.7,"动作,悬疑,冒险",5,,,2009-07-12 11:58:52,
138215970,火影忍者疾风传剧场版：鸣人之死,,https://img9.doubanio.com/view/photo/m_ratio_poster/public/p2610254775.jpg,2007-08-04,https://movie.douban.com/subject/2051813/,7.3,"动作,动画,家庭",5,,,2009-07-12 11:58:22,
138215888,龙猫,,https://img9.doubanio.com/view/photo/m_ratio_poster/public/p2540924496.jpg,2018-12-14(中国大陆),https://movie.douban.com/subject/1291560/,9.2,"动画,奇幻,冒险",5,,,2009-07-12 11:58:15,
138206873,葫芦兄弟,,https://img1.doubanio.com/view/photo/m_ratio_poster/public/p2561717360.jpg,1986-01(中国大陆),https://movie.douban.com/subject/1428576/,9.1,"动画,儿童",5,,,2009-07-12 11:22:05,
138206735,喜剧之王,,https://img1.doubanio.com/view/photo/m_ratio_poster/public/p2579932167.jpg,1999-02-13(中国香港),https://movie.douban.com/subject/1302425/,8.8,"剧情,喜剧,爱情",4,,,2009-07-12 11:21:37,
138206679,早熟,,https://img9.doubanio.com/view/photo/m_ratio_poster/public/p486587306.jpg,2005-04-28,https://movie.douban.com/subject/1329962/,6.7,"剧情,爱情",3,,,2009-07-12 11:21:21,
138206613,魔方大厦,,https://img2.doubanio.com/view/photo/m_ratio_poster/public/p2667413231.jpg,1990(中国大陆),https://movie.douban.com/subject/2156754/,8.8,"动画,儿童,奇幻",3,,,2009-07-12 11:21:05,
138206343,世纪末救世主传说 北斗神拳,,https://img9.doubanio.com/view/photo/m_ratio_poster/public/p2282604395.jpg,1984-10-04(日本),https://movie.douban.com/subject/1481825/,8.3,"动作,动画",5,,,2009-07-12 11:20:05,
138206063,花仙子,,https://img9.doubanio.com/view/photo/m_ratio_poster/public/p2554019745.jpg,1979-02-09(日本),https://movie.douban.com/subject/1498604/,8,"动画,家庭,奇幻",5,,,2009-07-12 11:19:14,
138206038,中华小当家,,https://img1.doubanio.com/view/photo/m_ratio_poster/public/p2225808630.jpg,1997-04-27(日本),https://movie.douban.com/subject/2993424/,8.7,动画,5,,,2009-07-12 11:19:06,
138206005,精灵宝可梦：超梦的逆袭,,https://img1.doubanio.com/view/photo/m_ratio_poster/public/p2171957340.jpg,1998-07-18(日本),https://movie.douban.com/subject/1420088/,8.2,"动作,动画,冒险",3,,,2009-07-12 11:18:59,
138205867,魔神英雄传,,https://img2.doubanio.com/view/photo/m_ratio_poster/public/p2517420753.jpg,1988-04-15(日本),https://movie.douban.com/subject/1860528/,8.9,"喜剧,动画,奇幻",4,,,2009-07-12 11:18:32,
138205825,剑勇传说,,https://img9.doubanio.com/view/photo/m_ratio_poster/public/p2444959564.jpg,1993-04-09,https://movie.douban.com/subject/2275094/,8.5,"喜剧,动画,冒险",3,,,2009-07-12 11:18:22,
138205726,穿越时空的爱恋,,https://img2.doubanio.com/view/photo/m_ratio_poster/public/p2373057182.jpg,2002-05(中国大陆),https://movie.douban.com/subject/2229479/,7.9,"剧情,奇幻,古装",4,,,2009-07-12 11:17:57,
138205689,还珠格格,,https://img9.doubanio.com/view/photo/m_ratio_poster/public/p2370846705.jpg,1998-10-28(中国大陆),https://movie.douban.com/subject/1786739/,8.5,"剧情,喜剧,动作",3,,,2009-07-12 11:17:49,
138205569,崖上的波妞,,https://img1.doubanio.com/view/photo/m_ratio_poster/public/p2627847859.jpg,2020-12-31(中国大陆),https://movie.douban.com/subject/1959877/,8.6,"动画,奇幻,冒险",5,,,2009-07-12 11:17:29,
138205525,美少女战士,,https://img2.doubanio.com/view/photo/m_ratio_poster/public/p2178340302.jpg,1997-06-01(中国大陆),https://movie.douban.com/subject/2032236/,8.6,"喜剧,动作,爱情",3,,,2009-07-12 11:17:20,
138205444,非诚勿扰,,https://img9.doubanio.com/view/photo/m_ratio_poster/public/p484914984.jpg,2008-12-18(中国大陆),https://movie.douban.com/subject/3313801/,7.2,"喜剧,爱情",4,,,2009-07-12 11:17:01,
138205424,剪刀手爱德华,,https://img1.doubanio.com/view/photo/m_ratio_poster/public/p480956937.jpg,1990-12-06(美国),https://movie.douban.com/subject/1292370/,8.7,"剧情,爱情,奇幻",3,,,2009-07-12 11:16:57,
138205383,还珠格格第二部,,https://img1.doubanio.com/view/photo/m_ratio_poster/public/p2710067098.jpg,1999-07-25(中国大陆),https://movie.douban.com/subject/1786740/,8,"剧情,喜剧,动作",3,,,2009-07-12 11:16:46,
138205333,风云,,https://img2.doubanio.com/view/photo/m_ratio_poster/public/p1395487093.jpg,2002-06-08(中国大陆),https://movie.douban.com/subject/2982064/,7.7,"动作,奇幻,武侠",3,,,2009-07-12 11:16:35,
138202253,肖申克的救赎,,https://img2.doubanio.com/view/photo/m_ratio_poster/public/p480747492.jpg,1994-09-10(多伦多电影节),https://movie.douban.com/subject/1292052/,9.7,"剧情,犯罪",5,,,2009-07-12 11:04:36,
138202031,人性污点,,https://img1.doubanio.com/view/photo/m_ratio_poster/public/p1357941900.jpg,2004-03-11,https://movie.douban.com/subject/1300754/,7.2,"剧情,爱情,惊悚",3,,,2009-07-12 11:03:51,
138201819,海上钢琴师,,https://img9.doubanio.com/view/photo/m_ratio_poster/public/p2574551676.jpg,2019-11-15(中国大陆),https://movie.douban.com/subject/1292001/,9.3,"剧情,音乐",5,,,2009-07-12 11:03:02,
138201674,微光城市,,https://img9.doubanio.com/view/photo/m_ratio_poster/public/p1438850665.jpg,2008-10-10(美国),https://movie.douban.com/subject/2129042/,6.8,"剧情,科幻,冒险",3,,,2009-07-12 11:02:27,
138201505,蝴蝶效应3：启示,,https://img2.doubanio.com/view/photo/m_ratio_poster/public/p2191931872.jpg,2009-01-09,https://movie.douban.com/subject/3077413/,6.7,"剧情,科幻,惊悚",3,,,2009-07-12 11:01:44,
138201480,蝴蝶效应2,,https://img9.doubanio.com/view/photo/m_ratio_poster/public/p1863331764.jpg,2006-10-10(美国),https://movie.douban.com/subject/1578509/,6.2,"剧情,科幻,惊悚",3,,,2009-07-12 11:01:35,
138201430,蝴蝶效应,,https://img1.doubanio.com/view/photo/m_ratio_poster/public/p2209066019.jpg,2004-01-23(美国),https://movie.douban.com/subject/1292343/,8.9,"剧情,科幻,悬疑",,,,2009-07-12 11:01:26,
138199356,萤火虫之墓,,https://img1.doubanio.com/view/photo/m_ratio_poster/public/p2237136718.jpg,1988-04-16(日本),https://movie.douban.com/subject/1293318/,8.7,"剧情,动画,战争",5,,,2009-07-12 10:52:29,
138199003,功夫熊猫,,https://img1.doubanio.com/view/photo/m_ratio_poster/public/p1597238857.jpg,2008-06-20(中国大陆),https://movie.douban.com/subject/1783457/,8.2,"喜剧,动作,动画",4,,,2009-07-12 10:51:17,
138198889,地狱男爵,,https://img2.doubanio.com/view/photo/m_ratio_poster/public/p2193565611.jpg,2004-04-02(美国),https://movie.douban.com/subject/1308851/,7,"动作,奇幻,冒险",4,,,2009-07-12 10:50:56,
138198824,地狱男爵2：黄金军团,,https://img1.doubanio.com/view/photo/m_ratio_poster/public/p456610958.jpg,2008-11-21(中国大陆),https://movie.douban.com/subject/1873750/,6.9,"动作,奇幻,冒险",3,没第一部好看了,"魔幻,地狱男爵2",2009-07-12 10:50:37,
138198494,朗读者,,https://img1.doubanio.com/view/photo/m_ratio_poster/public/p1140984198.jpg,2008-12-10(纽约首映),https://movie.douban.com/subject/2213597/,8.6,"剧情,爱情",3,,,2009-07-12 10:49:32,
138198392,闪电狗,,https://img2.doubanio.com/view/photo/m_ratio_poster/public/p775039123.jpg,2008-12-28(中国大陆),https://movie.douban.com/subject/1793912/,7.5,"剧情,喜剧,动画",4,,,2009-07-12 10:49:06,
138198320,机器人总动员,,https://img2.doubanio.com/view/photo/m_ratio_poster/public/p1461851991.jpg,2008-06-27(美国),https://movie.douban.com/subject/2131459/,9.3,"科幻,动画,冒险",5,,,2009-07-12 10:48:49,
138198156,灰姑娘的故事,,https://img9.doubanio.com/view/photo/m_ratio_poster/public/p802390374.jpg,2004-07-16(美国),https://movie.douban.com/subject/1308764/,6.8,"喜剧,爱情,家庭",5,,,2009-07-12 10:48:16,
138198116,辣妈辣妹,,https://img2.doubanio.com/view/photo/m_ratio_poster/public/p899519652.jpg,2003-08-04(美国),https://movie.douban.com/subject/1307955/,7.4,"喜剧,家庭,奇幻",4,,,2009-07-12 10:48:05,
138197814,英雄 第一季,,https://img2.doubanio.com/view/photo/m_ratio_poster/public/p1654431701.jpg,2006-07-22(美国),https://movie.douban.com/subject/1837856/,8.4,"剧情,科幻,惊悚",3,,,2009-07-12 10:46:55,
138197676,同志亦凡人 第一季,,https://img2.doubanio.com/view/photo/m_ratio_poster/public/p2526747312.jpg,2000-12-03(美国),https://movie.douban.com/subject/1427500/,9.2,"剧情,同性",3,,,2009-07-12 10:46:18,
138197609,蓝宇,,https://img9.doubanio.com/view/photo/m_ratio_poster/public/p471812775.jpg,2001-11-22(中国香港),https://movie.douban.com/subject/1308076/,8.4,"剧情,爱情,同性",4,,,2009-07-12 10:46:00,
138187302,歌舞青春,,https://img1.doubanio.com/view/photo/m_ratio_poster/public/p2567963309.jpg,2006-01-20(美国),https://movie.douban.com/subject/1765009/,7.8,"剧情,喜剧",5,,,2009-07-12 09:51:06,
138187279,歌舞青春3：毕业季,,https://img1.doubanio.com/view/photo/m_ratio_poster/public/p585329608.jpg,2008-10-24(美国),https://movie.douban.com/subject/2215609/,7.4,"剧情,喜剧,家庭",5,,,2009-07-12 09:51:00,
138187269,歌舞青春2,,https://img1.doubanio.com/view/photo/m_ratio_poster/public/p2558529447.jpg,2007-08-17(美国),https://movie.douban.com/subject/1986338/,7.3,"剧情,喜剧,家庭",5,,,2009-07-12 09:50:55,
138187141,贫民窟的百万富翁,,https://img1.doubanio.com/view/photo/m_ratio_poster/public/p2434249040.jpg,2009-03-26(中国大陆),https://movie.douban.com/subject/2209573/,8.6,"剧情,爱情",5,,,2009-07-12 09:49:59,
138187060,盛夏光年,,https://img2.doubanio.com/view/photo/m_ratio_poster/public/p2675971821.jpg,2006-10-13(中国台湾),https://movie.douban.com/subject/1914831/,7.2,"剧情,爱情,同性",4,,台湾,2009-07-12 09:49:27,
138186972,爱在暹罗,,https://img1.doubanio.com/view/photo/m_ratio_poster/public/p1024585648.jpg,2007-11-22(泰国),https://movie.douban.com/subject/2365260/,8.3,"剧情,爱情,同性",5,,,2009-07-12 09:48:53,
138186792,越狱 第一季,,https://img2.doubanio.com/view/photo/m_ratio_poster/public/p1422373182.jpg,2005-09-01(美国),https://movie.douban.com/subject/1419297/,9.4,"剧情,动作,惊悚",5,,,2009-07-12 09:47:46,
138186770,越狱  第四季,,https://img2.doubanio.com/view/photo/m_ratio_poster/public/p2201761861.jpg,2008-09-01(美国),https://movie.douban.com/subject/3197006/,8,"剧情,动作,惊悚",4,,,2009-07-12 09:47:35,
138186749,越狱  第二季,,https://img1.doubanio.com/view/photo/m_ratio_poster/public/p2201755957.jpg,2006-08-21(美国),https://movie.douban.com/subject/1876781/,8.7,"剧情,惊悚,犯罪",3,,,2009-07-12 09:47:26,
138186720,越狱  第三季,,https://img9.doubanio.com/view/photo/m_ratio_poster/public/p2201756015.jpg,2007-09-17(美国),https://movie.douban.com/subject/2253613/,7.9,"剧情,动作,惊悚",3,,,2009-07-12 09:47:15,
138186597,千与千寻,,https://img1.doubanio.com/view/photo/m_ratio_poster/public/p2557573348.jpg,2019-06-21(中国大陆),https://movie.douban.com/subject/1291561/,9.4,"剧情,动画,奇幻",5,,,2009-07-12 09:46:23,
138056707,雨人,,https://img2.doubanio.com/view/photo/m_ratio_poster/public/p2353324612.jpg,1988-12-16(美国),https://movie.douban.com/subject/1291870/,8.7,剧情,5,,,2009-07-11 20:06:41,
138056565,辛德勒的名单,,https://img2.doubanio.com/view/photo/m_ratio_poster/public/p492406163.jpg,1993-11-30(华盛顿首映),https://movie.douban.com/subject/1295124/,9.6,"剧情,历史,战争",5,,,2009-07-11 20:06:12,